head	lemma	derivation	category	new_meaning
H1	agra	a/gra	praatipadika	foremost, anterior, first, prominent, projecting, chief, best
H1	agra	a/gra	praatipadika	supernumerary
H1	agra	a/gra	praatipadika	foremost point, part
H1	agra	a/gra	praatipadika	tip
H1	agra	a/gra	praatipadika	front
H1	agra	a/gra	praatipadika	uppermost part, top, summit, surface
H1	agra	a/gra	praatipadika	point
H1	agra	a/gra	praatipadika	and hence, figuratively, sharpness
H1	agra	a/gra	praatipadika	the nearest end, the beginning
H1	agra	a/gra	praatipadika	the climax, best part
H1	agra	a/gra	praatipadika	goal, aim
H1	agra	a/gra	praatipadika	multitude
H1	agra	a/gra	praatipadika	a weight, equal to a pala
H1	agra	a/gra	praatipadika	a measure of food given as alms
H1	agra	a/gra	praatipadika	the sun's amplitude
H1	agra	agra	praatipadika	rest, remainder
H1	arTa	a/rTa	praatipadika	aim, purpose
H1	arTa	a/rTa	praatipadika	cause, motive, reason
H1	arTa	a/rTa	praatipadika	advantage, use, utility
H1	arTa	a/rTa	praatipadika	thing, object
H1	arTa	a/rTa	praatipadika	object of the senses
H1	arTa	a/rTa	praatipadika	the number five
H1	arTa	a/rTa	praatipadika	substance, wealth, property, opulence, money
H1	arTa	a/rTa	praatipadika	Name of the second mansion, the mansion of wealth
H1	arTa	a/rTa	praatipadika	personified as the son of Dharma, Buddhi
H1	arTa	a/rTa	praatipadika	affair, concern, to go to one's business, take up one's work
H1	arTa	a/rTa	praatipadika	lawsuit, action
H1	arTa	a/rTa	praatipadika	having to do with, wanting, needing anything
H1	arTa	a/rTa	praatipadika	sense, meaning, notion
H1	arTa	a/rTa	praatipadika	manner, kind, prohibition, prevention
H1	arTa	a/rTa	praatipadika	price
H1	uttara	u/ttara	praatipadika	upper, higher, superior
H1	uttara	u/ttara	praatipadika	northern
H1	uttara	u/ttara	praatipadika	left
H1	uttara	u/ttara	praatipadika	later, following, subsequent, latter, concluding, posterior, future
H1	uttara	u/ttara	praatipadika	followed by
H1	uttara	u/ttara	praatipadika	superior, chief, excellent, dominant, predominant, more powerful
H1	uttara	u/ttara	praatipadika	gaining a cause
H1	uttara	u/ttara	praatipadika	better, more excellent
H1	uttara	u/ttara	praatipadika	Name of a son of Virāṭa
H1	uttara	u/ttara	praatipadika	Name of a king of the Nāgas
H1	uttara	u/ttara	praatipadika	Name of a mountain
H1	uttara	u/ttara	praatipadika	of several men
H1	uttara	u/ttara	praatipadika	Name of a school
H1	uttara	u/ttara	praatipadika	upper surface, cover
H1	uttara	u/ttara	praatipadika	the north
H1	uttara	u/ttara	praatipadika	the following member, the last part of a compound
H1	uttara	u/ttara	praatipadika	answer, reply
H1	uttara	u/ttara	praatipadika	a defence, rejoinder, a defensive measure
H1	uttara	u/ttara	praatipadika	contradiction
H1	uttara	u/ttara	praatipadika	the answer
H1	uttara	u/ttara	praatipadika	superiority, excellence, competency
H1	uttara	u/ttara	praatipadika	result, the chief, prevalent result, characteristic, what remains, is left, conclusion, remainder, excess, over, above
H1	uttara	u/ttara	praatipadika	remainder, difference
H1	uttara	u/ttara	praatipadika	Name of a song
H1	uttara	u/ttara	praatipadika	Name of each of the Nakṣatras that contain the word uttara
H1	uttara	u/ttara	praatipadika	a particular figure in rhetoric
H1	uttara	u/ttara	praatipadika	Name of the last book of the Rāmāyaṇa
H1	uttara	u/t-tara	cpd-praatipadika	crossing over
H1	uttara	u/t-tara	cpd-praatipadika	to be crossed
H1	eka	e/ka	praatipadika	one, with preceding, following, no one, nobody
H1	eka	e/ka	praatipadika	alone, solitary, single, happening only once, that one only
H1	eka	e/ka	praatipadika	the same, one, the same, identical
H1	eka	e/ka	praatipadika	one of two, many
H1	eka	e/ka	praatipadika	one, one by one
H1	eka	e/ka	praatipadika	single of its kind, unique, singular, chief, pre-eminent, excellent
H1	eka	e/ka	praatipadika	sincere, truthful
H1	eka	e/ka	praatipadika	little, small
H1	eka	e/ka	praatipadika	a, an
H1	eka	e/ka	praatipadika	Name of a teacher
H1	eka	e/ka	praatipadika	Name of a son of Raya
H1	eka	e/ka	praatipadika	unity, a unit
H1	eva	eva/	avyaya	so, just so, exactly so
H1	eva	eva/	avyaya	indeed, truly, really
H1	eva	eva/	avyaya	just, exactly, very, same, only, even, alone, merely, immediately on, still, already
H1	eva	eva/	avyaya	is a mere expletive without any exact meaning and not translatable implies emphasis, affirmation, detraction, diminution, command, restrainment
H1	eva	e/va	praatipadika	going, moving, speedy, quick
H1	eva	e/va	praatipadika	course, way
H1	eva	e/va	praatipadika	the earth, world
H1	eva	e/va	praatipadika	a horse
H1	eva	e/va	praatipadika	way, manner of acting, proceeding, conduct, habit, usage, custom
H1	karman	ka/rman	praatipadika	act, action, performance, business
H1	karman	ka/rman	praatipadika	office, special duty, occupation, obligation
H1	karman	ka/rman	praatipadika	any religious act, rite
H1	karman	ka/rman	praatipadika	work, labour, activity
H1	karman	ka/rman	praatipadika	physicking, medical attendance
H1	karman	ka/rman	praatipadika	action consisting in motion
H1	karman	ka/rman	praatipadika	calculation
H1	karman	ka/rman	praatipadika	product, result, effect
H1	karman	ka/rman	praatipadika	organ of sense
H1	karman	ka/rman	praatipadika	the object
H1	karman	ka/rman	praatipadika	former act as leading to inevitable results, fate
H1	karman	ka/rman	praatipadika	the tenth lunar mansion
H1	kavi	kavi/	praatipadika	gifted with insight, intelligent, knowing, enlightened, wise, sensible, prudent, skilful, cunning
H1	kavi	kavi/	praatipadika	a thinker, intelligent man, man of understanding, leader
H1	kavi	kav	praatipadika	a wise man, sage, seer, prophet
H1	kavi	kav	praatipadika	a singer, bard, poet
H1	kavi	kav	praatipadika	Name of several gods, Name of Agni
H1	kavi	kav	praatipadika	Name of Varuṇa, Name of Indra, Name of the Aśvins, Name of Maruts, Name of Ādityas
H1	kavi	kavi/	praatipadika	Name of the Soma
H1	kavi	kavi/	praatipadika	Name of the Soma priest, Name of other sacrificers
H1	kavi	kavi/	praatipadika	Name of a particular poet
H1	kavi	kavi/	praatipadika	Name of the ancient sages, Name of ancient patriarchs
H1	kavi	kavi/	praatipadika	Name of the Ṛbhus
H1	kavi	kavi/	praatipadika	Name of Pūṣan
H1	kavi	kavi/	praatipadika	Name of a son of Brahmā
H1	kavi	kavi/	praatipadika	Name of Brahmā
H1	kavi	kavi/	praatipadika	Name of a son of Bhṛgu, father of Śukra
H1	kavi	kavi/	praatipadika	Name of Śukra
H1	kavi	kavi/	praatipadika	Name of the planet Venus
H1	kavi	kavi/	praatipadika	Name of the sons of several Manus
H1	kavi	kavi/	praatipadika	Name of a son of Kauśika, pupil of Garga
H1	kavi	kavi/	praatipadika	Name of a son of Ṛṣabha
H1	kavi	kavi/	praatipadika	Name of Vālmīki
H1	kavi	kavi/	praatipadika	a keeper, herd
H1	kavi	kavi/	praatipadika	Name of the gates of the sacrificial enclosure
H1	kavi	kavi/	praatipadika	the sun
H1	kavi	kavi/	praatipadika	of various men
H1	kavi	kavi/	praatipadika	the soul in the Sāṃkhya philosophy
H1	kavi	kavi/	praatipadika	a cunning fighter
H1	kavi	kavi/	praatipadika	an owl
H1	kavi	kavi/	praatipadika	the bit of a bridle
H1	kavi	kavi/	praatipadika	the reins
H1	kavi	kavi/	praatipadika	a ladle
H1	kAla	kAla	praatipadika	black, of a dark colour, dark-blue
H1	kAla	kAla	praatipadika	a black, dark-blue colour
H1	kAla	kAla	praatipadika	the black part of the eye
H1	kAla	kAla	praatipadika	the Indian cuckoo
H1	kAla	kAla	praatipadika	the poisonous serpent Coluber Naga
H1	kAla	kAla	praatipadika	the plant Cassia Sophora
H1	kAla	kAla	praatipadika	a red kind of Plumbago
H1	kAla	kAla	praatipadika	the resin of the plant Shorea robusta
H1	kAla	kAla	praatipadika	the planet Saturn
H1	kAla	kAla	praatipadika	Name of Śiva
H1	kAla	kAla	praatipadika	Name of Rudra
H1	kAla	kAla	praatipadika	Name of a son of Hrada
H1	kAla	kAla	praatipadika	of the prince Kāla-yavana
H1	kAla	kAla	praatipadika	Name of a brother of king Prasena-jit
H1	kAla	kAla	praatipadika	Name of a future Buddha
H1	kAla	kAla	praatipadika	Name of an author of Mantras
H1	kAla	kAla	praatipadika	Name of a Nāga-rāja
H1	kAla	kAla	praatipadika	Name of a Rakṣas
H1	kAla	kAla	praatipadika	Name of an enemy of Śiva
H1	kAla	kAla	praatipadika	Name of a mountain
H1	kAla	kAla	praatipadika	of one of the nine treasures
H1	kAla	kAla	praatipadika	a mystical Name of the letter
H1	kAla	kAla	praatipadika	a black kind of Agallochum
H1	kAla	kAla	praatipadika	a kind of perfume
H1	kAla	kAla	praatipadika	iron
H1	kAla	kAla/	praatipadika	a fixed, right point of time, a space of time, time
H1	kAla	kAla/	praatipadika	the proper time, season for
H1	kAla	kAla/	praatipadika	occasion, circumstance
H1	kAla	kAla/	praatipadika	season
H1	kAla	kAla/	praatipadika	meal-time
H1	kAla	kAla/	praatipadika	hour
H1	kAla	kAla/	praatipadika	a period of time, time of the world
H1	kAla	kAla/	praatipadika	measure of time, prosody
H1	kAla	kAla/	praatipadika	a section, part
H1	kAla	kAla/	praatipadika	the end
H1	kAla	kAla/	praatipadika	death by age
H1	kAla	kAla/	praatipadika	time, destiny, fate
H1	kAla	kAla/	praatipadika	time, death, time of death
H1	kf	kf	dhaatu	a fog
H1	kf	kf	dhaatu	being done
H1	kf	kf	dhaatu	to injure
H1	gam	gam	dhaatu	to go, move, go away, set out, come, to go to, towards, approach, to go, pass, to fall to the share of, to go against with hostile intentions, attack, to decease, die, to approach carnally, have sexual intercourse with, to go to any state, condition, undergo, partake of, participate in, receive, obtain, to go to the earth with the knees, kneel down, to go to the earth with the head, make a bow, to go with the mind, observe, perceive, to observe, understand, guess, to approach with an accusation, ascribe guilt to a person, bring to a place, to cause to go to any condition, cause to become, to impart, grant, to send away,to let go, not care about, to excel, to spend time, to cause to understand, make clear, intelligible, explain, to convey an idea, meaning, denote, to cause a person to go by means of another, to wish to go, be going, to strive to obtain, to wish to bring.
H1	grah	grah	dhaatu	grasp, lay hold of, to eclipse, to abstract, take away, to lay the hand on, claim, to gain, win, obtain, receive, accept, keep, to acquire by purchase, to choose, to choose any one as a wife, to take up, draw water, to pluck, pick, gather, to collect a store of anything, to use, put on, to assume, to place upon, to include, to take on one's self, undertake, undergo, begin, to receive hospitably, take back,to take into the mouth, mention, name, to perceive, observe, recognise, to observe, to receive into the mind, apprehend, understand, learn, to calculate, to accept, admit, approve, to obey, follow, to take for, consider as, to be meant by, to cause to take, seize, lay hold of, to cause to take, to cause to marry, give away a girl in marriage to any one, to cause any one to be captured, to cause any one to be seized, overpowered over to any one, to make any one choose, to make any one learn, make acquainted, familiar with, to be about to seize, take, to be about to eclipse, to be about to take away, to desire to perceive, strive to apprehend, recognise
H1	citra	citra/	praatipadika	conspicuous, excellent, distinguished
H1	citra	citra/	praatipadika	bright, clear, bright-coloured
H1	citra	citra/	praatipadika	clear
H1	citra	citra/	praatipadika	variegated, spotted, speckled
H1	citra	citra/	praatipadika	agitated
H1	citra	citra/	praatipadika	various, different, manifold
H1	citra	citra/	praatipadika	having different varieties
H1	citra	citra/	praatipadika	strange, wonderful
H1	citra	citra/	praatipadika	containing the word
H1	citra	citra	praatipadika	leaping to, fro
H1	citra	citra/	praatipadika	variety of colour, 
H1	citra	citra/	praatipadika	Plumbago zeylanica
H1	citra	citra/	praatipadika	Ricinus communis
H1	citra	citra/	praatipadika	Jonesia Aśoka
H1	citra	citra/	praatipadika	a form of Yama
H1	citra	citra/	praatipadika	Name of a king
H1	citra	citra/	praatipadika	Name of a Jābāla-gṛhapati
H1	citra	citra/	praatipadika	Name of a king
H1	citra	citra/	praatipadika	Name of a son of Dhṛtarāṣṭra
H1	citra	citra/	praatipadika	Name of a Draviḍa king
H1	citra	citra/	praatipadika	Name of a Gandharva
H1	citra	citra/	praatipadika	anything bright, coloured which strikes the eyes
H1	citra	citra/	praatipadika	a brilliant ornament, ornament
H1	citra	citra/	praatipadika	a bright, extraordinary appearance, wonder
H1	citra	citra/	praatipadika	strange, curious
H1	citra	citra/	praatipadika	strange!
H1	citra	citra/	praatipadika	the ether, sky
H1	citra	citra/	praatipadika	a spot
H1	citra	citra/	praatipadika	a sectarial mark on the forehead
H1	citra	citra/	praatipadika	a picture, sketch, delineation
H1	citra	citra/	praatipadika	variety of colour
H1	citra	citra/	praatipadika	a forestof variegated appearance  on
H1	citra	citra/	praatipadika	various modes of writing, arranging verses in the shape of mathematical, other fanciful figures
H1	citra	citra/	praatipadika	punning in the form of question, answer, facetious conversation, riddle
H1	tatas	ta/tas	praatipadika	from that place, thence
H1	tatas	ta/tas	praatipadika	in that place, there
H1	tatas	ta/tas	praatipadika	thither
H1	tatas	ta/tas	praatipadika	thereupon, then, after that, afterwards
H1	tatas	ta/tas	praatipadika	from that, in consequence of that, for that reason, consequently
H1	tatas	ta/tas	praatipadika	but, how is it then that?
H1	tatas	ta/tas	praatipadika	immediately afterwards
H1	tatas	ta/tas	praatipadika	beyond that
H1	tatas	ta/tas	praatipadika	besides that, further
H1	tatas	ta/tas	praatipadika	thereupon, afterwards
H1	tatas	ta/tas	praatipadika	thereupon, afterwards
H1	tatas	ta/tas	praatipadika	thenceforth
H1	tatas	ta/tas	praatipadika	what then? what took place after that?
H1	tatas	ta/tas	praatipadika	from that, that place, here, there, hither, thither, from all sides, to everyplace, everywhere
H1	tatas	ta/tas	praatipadika	to that place
H1	tatas	ta/tas	praatipadika	to another place than that, to some other place
H1	tatas	ta/tas	praatipadika	afterwards, at another time
H1	tad	ta/d	praatipadika	he she it, that, this
H1	tad	ta/d	praatipadika	this world
H1	tad	ta/d	praatipadika	Brahma
H1	tad	ta/d	praatipadika	there, in that place, thither, to that spot
H1	tad	ta/d	praatipadika	then, at that time, in that case
H1	tad	ta/d	praatipadika	thus, in this manner, with regard to that
H1	tad	ta/d	praatipadika	with reference to that there are these two verses
H1	tad	ta/d	praatipadika	on that account, for that reason, therefore, consequently
H1	tad	ta/d	praatipadika	now
H1	tad	ta/d	praatipadika	so also, equally
H1	tad	tad	praatipadika	this, that, various, different
H1	tad	tad	praatipadika	respective
H1	tad	tad	praatipadika	on quite the same path
H1	tad	tad	praatipadika	whosoever, whichsoever, any, every
H1	tad	tad	praatipadika	even then, nevertheless, notwithstanding
H1	tad	tad	praatipadika	in such a manner as follows, namely, namely, in other words. From Latin videlicet
H1	tu	tu	dhaatu	to have authority, be strong, to go, to injure, to make strong, efficient
H1	tu	tu/	avyaya	pray! I beg, do, now, then, Latindum used
H1	tu	tu/	avyaya	but
H1	tu	tu/	avyaya	often incorrectly written for
H1	tu	tu/	avyaya	sometimes used as a mere expletive
H1	tu	tu/	avyaya	though — still not
H1	tu	tu/	avyaya	not — but
H1	tu	tu/	avyaya	though — still
H1	tu	tu/	avyaya	it is true — but not, ere - than
H1	tu	tu/	avyaya	it is true — but not, ere — than
H1	tu	tu/	avyaya	still, nevertheless
H1	tu	tu/	avyaya	not — however
H1	tu	tu/	avyaya	certainly — but
H1	dfS	dfS	praatipadika	  to see, behold, look at, regard, consider, to wait on, visit, to see with the mind, learn, understand, to notice, care for, look into, try, examine, to see by divine intuition, think, find out, compose, contrive Aorist, to be seen, become visible, appear, to be shown, manifested, appear, to cause to see, be seen, to show a thing, person, to, to show or prove, demonstrate, to produce or pay, to wish to see, long for, to wish to show, to be always visible
H1	dfS	df/S	praatipadika	seeing, viewing, looking at
H1	dfS	df/S	praatipadika	knowing, discerning
H1	dfS	df/S	praatipadika	sight, view
H1	dfS	df/S	praatipadika	look, appearance
H1	dfS	df/S	praatipadika	the eye
H1	dfS	df/S	praatipadika	theory, doctrine
H1	dfS	df/S	praatipadika	the aspect of a planet, the observed spot
H1	Darma	Da/rma	praatipadika	that which is established, firm, steadfast decree, statute, ordinance, law
H1	Darma	Da/rma	praatipadika	usage, practice, customary observance, prescribed conduct, duty
H1	Darma	Da/rma	praatipadika	right, justice
H1	Darma	Da/rma	praatipadika	virtue, morality, religion, religious merit, good works
H1	Darma	Da/rma	praatipadika	Law, Justice personified
H1	Darma	Da/rma	praatipadika	the law, doctrine of Buddhism
H1	Darma	Da/rma	praatipadika	the ethical precepts of Buddhism
H1	Darma	Da/rma	praatipadika	the law of Northern Buddhism
H1	Darma	Da/rma	praatipadika	nature, character, peculiar condition, essential quality, property, mark, peculiarity
H1	Darma	Da/rma	praatipadika	a particular ceremony
H1	Darma	Da/rma	praatipadika	sacrifice
H1	Darma	Da/rma	praatipadika	the ninth mansion
H1	Darma	Da/rma	praatipadika	an Upaniṣad
H1	Darma	Da/rma	praatipadika	associating with the virtuous
H1	Darma	Da/rma	praatipadika	religious abstraction, devotion
H1	Darma	Da/rma	praatipadika	a bow
H1	Darma	Darma	praatipadika	a thing
H1	Darma	Da/rma	praatipadika	a Soma-drinker
H1	Darma	Da/rma	praatipadika	Name of the 15th Arhat of the present Ava-sarpiṇī
H1	Darma	Da/rma	praatipadika	Name of a son of Anu, father of Ghṛta
H1	Darma	Da/rma	praatipadika	Name of a son of Gāndhāra, f° of Dhṛta
H1	Darma	Da/rma	praatipadika	Name of a son of Haihaya, f° of Netra
H1	Darma	Da/rma	praatipadika	Name of a son of Pṛthu-śravas, of Uśanas
H1	Darma	Da/rma	praatipadika	Name of a son of Su-vrata
H1	Darma	Da/rma	praatipadika	Name of a son of Dīrgha-tapas
H1	Darma	Da/rma	praatipadika	Name of a king of Kaśmīra
H1	Darma	Da/rma	praatipadika	Name of another man
H1	Darma	Da/rma	praatipadika	Name of a lexicographer
H1	Darma	Darma	naama-dhaatu	to become, law
H1	prakfti	pra-kfti	cpd-praatipadika	making, placing before, at first, the original, natural form, condition of anything, original, primary substance
H1	prakfti	pra-kfti	cpd-praatipadika	cause, original source
H1	prakfti	pra-kfti	cpd-praatipadika	origin, extraction
H1	prakfti	pra-kfti	cpd-praatipadika	nature, character, constitution, temper, disposition, by nature, naturally, unalterably, properly
H1	prakfti	pra-kfti	cpd-praatipadika	fundamental form, pattern, standard, model, rule
H1	prakfti	pra-kfti	cpd-praatipadika	the original producer of the material world, Nature
H1	prakfti	pra-kfti	cpd-praatipadika	the 8 producers, primary essences which evolve the whole visible world
H1	prakfti	pra-kfti	cpd-praatipadika	a goddess, the personified will of the Supreme in the creation
H1	prakfti	pra-kfti	cpd-praatipadika	Name of a class of deities under Manu Raibhya
H1	prakfti	pra-kfti	cpd-praatipadika	a king's ministers, the body of ministers, counsellors, ministry
H1	prakfti	pra-kfti	cpd-praatipadika	the subjects of a king, citizens, artisans
H1	prakfti	pra-kfti	cpd-praatipadika	the constituent elements, powers of the state
H1	prakfti	pra-kfti	cpd-praatipadika	the various sovereigns to be considered in case of war
H1	prakfti	pra-kfti	cpd-praatipadika	the crude, elementary form of a word, base, root, an uninflected word, 
H1	prakfti	pra-kfti	cpd-praatipadika	Name of 2 classes of metres
H1	prakfti	pra-kfti	cpd-praatipadika	a co-efficient multiplier
H1	prakfti	pra-kfti	cpd-praatipadika	temperament, the predominance of one of the humours at the time of generation
H1	prakfti	pra-kfti	cpd-praatipadika	the third nature, a eunuch
H1	prakfti	pra-kfti	cpd-praatipadika	matter, affair
H1	prakfti	pra-kfti	cpd-praatipadika	the male, female organ of generation
H1	prakfti	pra-kfti	cpd-praatipadika	a woman, womankind
H1	prakfti	pra-kfti	cpd-praatipadika	a mother
H1	prakfti	pra-kfti	cpd-praatipadika	an animal
H1	prakfti	pra-kfti	cpd-praatipadika	Name of a woman
H1	prakfti	pra-kfti	cpd-praatipadika	Name of work
H1	banD	banD	dhaatu	to bind, tie, fix, fasten, chain, fetter, to bind round, put on, to catch, take, hold captive, to attach to world, to sin, to fix, direct, fasten, rivet on, to arrest, hold back, restrain, suppress, stop, shut, close, to bind a sacrificial victim, offer, sacrifice, to punish, chastise, to join, unite, put together, produce anything in this way, fold, clench, knit, bend, arrange, assume, set up, construct, span, bridge over, conceive, contract, compose, construct, to form, produce in any way, cause, effect, do, make, bear, strike, take up, to entertain, cherish, show, exhibit, betray to be bound by the fetters of existence, evil, sin again, to be affected by id est, that is experience, suffer, to cause to bind, catch, capture, imprison, to cause to be built, constructed, to cause to be embanked, dammed up, to bind together.
H1	brahman	bra/hman	praatipadika	pious effusion, utterance, outpouring of the heart in worshipping the gods, prayer
H1	brahman	bra/hman	praatipadika	the sacred word, the Veda, a sacred text, a text, Mantra used as a spell
H1	brahman	bra/hman	praatipadika	the Brāhmaṇa portion of the Veda
H1	brahman	bra/hman	praatipadika	the sacred syllable Om, 
H1	brahman	bra/hman	praatipadika	religious, spiritual knowledge
H1	brahman	bra/hman	praatipadika	holy life
H1	brahman	bra/hman	praatipadika	the Brahmă, one self-existent impersonal Spirit, the one universal Soul, the Self-existent, the Absolute, the Eternal
H1	brahman	bra/hman	praatipadika	the class of men who are the repositories, communicators of sacred knowledge, the Brāhmanical caste as a body
H1	brahman	bra/hman	praatipadika	food
H1	brahman	bra/hman	praatipadika	wealth
H1	brahman	bra/hman	praatipadika	final emancipation
H1	brahman	brahma/n	praatipadika	one who prays, a devout, religious man, a Brāhman who is a knower of Vedic texts, spells, one versed in sacred knowledge
H1	brahman	brahma/n	praatipadika	Name of Bṛhas-pati
H1	brahman	brahma/n	praatipadika	one of the 4 principal priests, Ṛtvijas
H1	brahman	brahma/n	praatipadika	Brahmā, the one impersonal universal Spirit manifested as a personal Creator, as the first of the triad of personal gods
H1	brahman	brahma/n	praatipadika	a lifetime of Brahmā
H1	brahman	brahma/n	praatipadika	an inhabitant of Brahmā's heaven
H1	brahman	brahma/n	praatipadika	the sun
H1	brahman	brahma/n	praatipadika	Name of Śiva, 
H1	brahman	brahma/n	praatipadika	the Veda
H1	brahman	brahma/n	praatipadika	the intellect
H1	brahman	brahma/n	praatipadika	Name of a star, δ Aurigae
H1	brahman	brahma/n	praatipadika	a particular astronomy Yoga
H1	brahman	brahma/n	praatipadika	Name of the 9th Muhūrta
H1	brahman	brahma/n	praatipadika	a particular Kalpa
H1	brahman	brahma/n	praatipadika	Name of the servant of the 10th Arhat of the present Avasarpiṇī
H1	brahman	brahma/n	praatipadika	Name of a magician
H1	BAva	BAva/	praatipadika	becoming, being, existing, occurring, appearance
H1	BAva	BAva/	praatipadika	turning, transition into
H1	BAva	BAva/	praatipadika	continuance
H1	BAva	BAva/	praatipadika	state, condition, rank
H1	BAva	BAva/	praatipadika	true condition, state, truth, reality
H1	BAva	BAva/	praatipadika	manner of being, nature, temperament, character
H1	BAva	BAva/	praatipadika	manner of acting, conduct, behaviour
H1	BAva	BAva/	praatipadika	any state of mind and body, way of thinking, feeling, sentiment, opinion, disposition, intention with whatever disposition of mind, to be ill disposed against, to make a firm resolution
H1	BAva	BAva/	praatipadika	passion, emotion
H1	BAva	BAva/	praatipadika	conjecture, supposition
H1	BAva	BAva/	praatipadika	purport, meaning, such is the sense
H1	BAva	BAva/	praatipadika	love, affection, attachment, to feel an affection for
H1	BAva	BAva/	praatipadika	the seat of the feelings, affections, heart, soul, mind with a pleased mind
H1	BAva	BAva/	praatipadika	that which is, exists, thing, substance, being, living creature all earthly objects, plants, animals
H1	BAva	BAva/	praatipadika	a discreet, learned man
H1	BAva	BAva/	praatipadika	the state, condition of a planet
H1	BAva	BAva/	praatipadika	an astrological house, lunar mansion
H1	BAva	BAva/	praatipadika	Name of the 27th Kalpa
H1	BAva	BAva/	praatipadika	of the 8th year in Jupiter's cycle of 60 years
H1	BAva	BAva/	praatipadika	the fundamental notion of the verb, the sense conveyed by the abstract noun
H1	BAva	BAva/	praatipadika	Name of the author of the Bhāvaprakāśa
H1	BAva	BAva/	praatipadika	wanton sport, dalliance
H1	BAva	BAva/	praatipadika	birth
H1	BAva	BAva/	praatipadika	place of birth, the womb
H1	BAva	BAva/	praatipadika	the world, universe
H1	BAva	BAva/	praatipadika	an organ of sense
H1	BAva	BAva/	praatipadika	superhuman power
H1	BAva	BAva/	praatipadika	the Supreme Being
H1	BAva	BAva/	praatipadika	advice, instruction
H1	BAva	BAva/	praatipadika	contemplation, meditation
H1	BU	BU	dhaatu	Name of a Yogin
H1	BU	BU/	dhaatu	becoming, being, existing, springing, arising
H1	BU	BU/	dhaatu	Name of Viṣṇu
H1	BU	BU/	dhaatu	Name of an Ekāha
H1	BU	BU/	dhaatu	the act of becoming, arising
H1	BU	BU/	dhaatu	the place of being, space, world, universe
H1	BU	BU/	dhaatu	the earth, symbolical name for the number one
H1	BU	BU/	dhaatu	one of the three Vyāhṛtis
H1	BU	BU/	dhaatu	earth, ground, soil, land, landed property
H1	BU	BU/	dhaatu	floor, pavement
H1	BU	BU/	dhaatu	a place, spot, piece of ground
H1	BU	BU/	dhaatu	the base of any geometrical figure
H1	BU	BU/	dhaatu	object, matter
H1	BU	BU/	dhaatu	a term for the letter
H1	BU	BU/	dhaatu	a sacrificial fire
H1	BU	BU	dhaatu	a particular land-measure
H1	mad	mad	dhaatu	base of the first person pronoun in the singular number number
H1	mad	mad	dhaatu	to rejoice, be glad, exult, delight, revel in, be drunk with, to enjoy heavenly bliss, to boil, bubble, to gladden, exhilarate, intoxicate, animate, inspire, to gladden, delight, satisfy, exhilarate, intoxicate, inflame, inspire, to be glad, rejoice, be pleased, happy, at ease, to enjoy heavenly bliss, 
H1	mad	mad	dhaatu	to tarry, stand still, pause
H1	muc	muc	dhaatu	  to cheat
H1	muc	muc	dhaatu	to loose, let loose, free, let go, slacken, release, liberate, to spare, let live, to set free, allow to depart, dismiss, despatch, to relinquish, abandon, leave, quit, give up, set aside, depose, to yield, grant, bestow, to send forth, shed, emit, utter, discharge, throw, cast, hurl, shoot, to put on, to be loosed, to be set free, released, to deliver one's self from, to get rid of, escape,to abstain from, to be deprived, destitute of, to cause to loose, let go, give up, discharge, shed, to unloose, unyoke, unharness, to set free, liberate, absolve from, to redeem, to open, to give away, spend, bestow, to gladden, delight, yield enjoyment, to wish to deliver, to wish, be about to set free, to be about to give up, relinquish, to wish, intend to cast, hurl, to wish to free one's self, to desire final liberation, beatitude.
H1	muc	muc	dhaatu	freeing, delivering from
H1	muc	muc	dhaatu	letting go, letting fall, dropping, discharging, shooting, sending
H1	muc	muc	dhaatu	deliverance
H1	yuj	yuj	dhaatu	to make ready, prepare, arrange, fit out, set to work, use, employ, apply, to equip, to offer, perform, to put on, to fix in, insert, inject, to appoint or to charge or intrust with, to command, enjoin, to turn, direct, fix, concentrate, to concentrate the mind in order to obtain union with the Universal Spirit, be absorbed in meditation, to recollect, recall, to join, unite, connect, add, bring together, to confer, bestow anything upon, to bring into possession of, furnish, endow with, to join one's self to, to come into union, conjunction with, to be yoked, harnessed, joined, to attach one's self to, to be made ready, prepared for, to be united in marriage, to be endowed with, possessed of, to come into conjunction with, to accrue to, fall to the lot of, to be fit, proper, suitable, right, suit anything, be fitted for, belong to, suit any one, deserve to be, not to be fit, proper for, to harness, yoke with, put to, to equip, draw up, to use, employ, set to work, apply, undertake, carry on, perform, accomplish, to urge, impel to, to lead towards, help to, to set, to aim at, to fasten on, attack, adjust, add, insert, to join, unite, connect, combine, bring or put together, to encompass, embrace, to put in order, arrange, repair, restore, to endow, furnish, provide with, to mix with, to confer anything upon, to ascertain or know the conjunction of the moon with an asterism, to think little of, esteem lightly, despise, to wish to harness, yoke, join, to wish to appoint or institute, to wish to fix or aim, to wish to be absorbed in meditation, devout
H1	yuj	yu/j	dhaatu	joined, yoked, harnessed, drawn by
H1	yuj	yu/j	dhaatu	furnished or provided or filled with, affected by, possessed of
H1	yuj	yu/j	dhaatu	bestowing, granting
H1	yuj	yu/j	dhaatu	exciting, an exciter
H1	yuj	yu/j	dhaatu	being in couples, pairs, even
H1	yuj	yu/j	dhaatu	a yoke-fellow, companion, comrade, associate
H1	yuj	yu/j	dhaatu	a sage who devotes his time to abstract contemplation
H1	yuj	yu/j	dhaatu	a pair, couple, the number two
H1	yuj	yu/j	dhaatu	dual, the two Aśvins
H1	yuj	yu/j	dhaatu	the zodiacal sign Gemini
H1	yoga	yo/ga	praatipadika	the act of yoking, joining, attaching, harnessing, putting to
H1	yoga	yo/ga	praatipadika	a yoke, team, vehicle, conveyance
H1	yoga	yo/ga	praatipadika	employment, use, application, performance
H1	yoga	yo/ga	praatipadika	equipping, arraying
H1	yoga	yo/ga	praatipadika	fixing
H1	yoga	yo/ga	praatipadika	putting on
H1	yoga	yo/ga	praatipadika	a remedy, cure
H1	yoga	yo/ga	praatipadika	a means, expedient, device, way, manner, method
H1	yoga	yo/ga	praatipadika	a supernatural means, charm, incantation, magical art
H1	yoga	yo/ga	praatipadika	a trick, stratagem, fraud, deceit
H1	yoga	yo/ga	praatipadika	undertaking, business, work
H1	yoga	yo/ga	praatipadika	acquisition, gain, profit, wealth, property
H1	yoga	yo/ga	praatipadika	occasion, opportunity
H1	yoga	yo/ga	praatipadika	any junction, union, combination, contact with, to agree, consent, acquiesce in anything
H1	yoga	yo/ga	praatipadika	mixing of various materials, mixture
H1	yoga	yo/ga	praatipadika	partaking of, possessing
H1	yoga	yo/ga	praatipadika	connection, relation, at the end of a compound in consequence of, on account of, by reason of, according to, through
H1	yoga	yo/ga	praatipadika	putting together, arrangement, disposition, regular succession
H1	yoga	yo/ga	praatipadika	fitting together, fitness, propriety, suitability
H1	yoga	yo/ga	praatipadika	exertion, endeavour, zeal, diligence, industry, care, attention
H1	yoga	yo/ga	praatipadika	application, concentration of the thoughts, abstract contemplation, meditation, self-concentration, abstract meditation, mental abstraction practised as a system
H1	yoga	yo/ga	praatipadika	any simple act, rite conducive to Yoga, abstract meditation
H1	yoga	yo/ga	praatipadika	Yoga personified
H1	yoga	yo/ga	praatipadika	a follower of the Yoga system
H1	yoga	yo/ga	praatipadika	the union of soul with matter
H1	yoga	yo/ga	praatipadika	the union of the individual soul with the universal soul
H1	yoga	yo/ga	praatipadika	devotion, pious seeking after God
H1	yoga	yo/ga	praatipadika	contact, mixing with the outer world
H1	yoga	yo/ga	praatipadika	conjunction, lucky conjuncture
H1	yoga	yo/ga	praatipadika	a constellation, asterism
H1	yoga	yo/ga	praatipadika	the leading, principal star of a lunar asterism
H1	yoga	yo/ga	praatipadika	Name of a variable division of time
H1	yoga	yo/ga	praatipadika	addition, sum, total
H1	yoga	yo/ga	praatipadika	the connection of words together, syntactical dependence of a word, construction
H1	yoga	yo/ga	praatipadika	a combined, concentrated grammatical rule, aphorism, 
H1	yoga	yo/ga	praatipadika	the connection of a word with its root, original, etymological meaning, 
H1	yoga	yo/ga	praatipadika	a violator of confidence, spy
H1	yoga	yo/ga	praatipadika	Name of a  on the Paramārthasāra
H1	rasa	ra/sa	praatipadika	the sap, juice of plants, juice of fruit, any liquid, fluid, the best, finest, prime part of anything, essence, marrow
H1	rasa	ra/sa	praatipadika	water, liquor, drink
H1	rasa	ra/sa	praatipadika	juice of the sugar-cane, syrup
H1	rasa	ra/sa	praatipadika	any mixture, draught, elixir, potion
H1	rasa	ra/sa	praatipadika	melted butter
H1	rasa	ra/sa	praatipadika	milk
H1	rasa	ra/sa	praatipadika	poison
H1	rasa	ra/sa	praatipadika	nectar
H1	rasa	ra/sa	praatipadika	soup, broth
H1	rasa	ra/sa	praatipadika	a constituent fluid, essential juice of the body, serum, the primary juice called chyle
H1	rasa	ra/sa	praatipadika	mercury, quicksilver
H1	rasa	ra/sa	praatipadika	semen virile
H1	rasa	ra/sa	praatipadika	myrrh
H1	rasa	ra/sa	praatipadika	any mineral, metallic salt
H1	rasa	ra/sa	praatipadika	a metal, mineral in a state of fusion
H1	rasa	ra/sa	praatipadika	gold
H1	rasa	ra/sa	praatipadika	Vangueria Spinosa
H1	rasa	ra/sa	praatipadika	a species of amaranth
H1	rasa	ra/sa	praatipadika	green onion
H1	rasa	ra/sa	praatipadika	resin
H1	rasa	ra/sa	praatipadika	a kind of metre
H1	rasa	ra/sa	praatipadika	taste, flavour
H1	rasa	ra/sa	praatipadika	Name of the number six
H1	rasa	ra/sa	praatipadika	any object of taste, condiment, sauce, spice, seasoning
H1	rasa	ra/sa	praatipadika	the tongue
H1	rasa	ra/sa	praatipadika	taste, inclination, fondness for, love, affection, desire
H1	rasa	ra/sa	praatipadika	charm, pleasure, delight
H1	rasa	ra/sa	praatipadika	the taste, character of a work, the feeling, sentiment prevailing in it
H1	rasa	ra/sa	praatipadika	the prevailing sentiment in human character
H1	rasa	ra/sa	praatipadika	disposition of the heart, mind, religious sentiment
H1	rasa	ra/sa	praatipadika	the son of a Niṣāda, a Śanakī
H1	rasa	ra/sa	praatipadika	Name of the sacred syllable, Om
H1	rUpa	rUpa/	praatipadika	any outward appearance, phenomenon, colour, form, shape, figure
H1	rUpa	rUpa/	praatipadika	dreamy, phantom shapes
H1	rUpa	rUpa/	praatipadika	handsome form, loveliness, grace, beauty, splendour
H1	rUpa	rUpa/	praatipadika	nature, character, peculiarity, feature, mark, sign, symptom
H1	rUpa	rUpa/	praatipadika	likeness, image, reflection
H1	rUpa	rUpa/	praatipadika	circumstances
H1	rUpa	rUpa/	praatipadika	sort, kind
H1	rUpa	rUpa/	praatipadika	mode, manner, way
H1	rUpa	rUpa/	praatipadika	trace of
H1	rUpa	rUpa/	praatipadika	a single specimen, exemplar
H1	rUpa	rUpa/	praatipadika	a particular coin
H1	rUpa	rUpa/	praatipadika	a show, play, drama
H1	rUpa	rUpa/	praatipadika	the arithmetical unit
H1	rUpa	rUpa/	praatipadika	integer number
H1	rUpa	rUpa/	praatipadika	known, absolute number, a known quantity as having specific form
H1	rUpa	rUpa/	praatipadika	any form of a noun, verb
H1	rUpa	rUpa/	praatipadika	the quality of colour
H1	rUpa	rUpa/	praatipadika	material form id est, that is the organized body
H1	rUpa	rUpa/	praatipadika	a reflection, remark made under particular circumstances when the action is at its height
H1	rUpa	rUpa/	praatipadika	cattle
H1	rUpa	rUpa/	praatipadika	a beast
H1	rUpa	rUpa/	praatipadika	a sound, word
H1	rUpa	rUpa/	praatipadika	rereading a book
H1	rUpa	rUpa/	praatipadika	a word of unknown meaning
H1	rUpa	rUpa/	praatipadika	Name of a people
H1	rUpa	rUpa/	praatipadika	Name of a place
H1	vac	vac	dhaatu	to speak, say, tell, utter, announce, declare, mention, proclaim, recite, describe, to reproach, revile, to be spoken, said, told, uttered, what the saying is, to resound, to be called, accounted, be regarded as, pass for, to cause to say, speak, recite, pronounce, to cause anything written, to read out loud, to say, tell, declare, to promise, to desire to say, speak, recite, proclaim, declare, to be meant, to call, cry aloud
H1	sarva	sa/rva	praatipadika	whole, entire, all, every
H1	sarva	sa/rva	praatipadika	of all sorts, manifold, various, different
H1	sarva	sa/rva	praatipadika	altogether, wholly, completely, in all parts, everywhere
H1	sarva	sa/rva	praatipadika	Name of Śiva
H1	sarva	sa/rva	praatipadika	Name of Kṛṣṇa
H1	sarva	sa/rva	praatipadika	Name of a Muni
H1	sarva	sa/rva	praatipadika	Name of a people
H1	sarva	sa/rva	praatipadika	water
H1	saha	saha/	praatipadika	powerful, mighty
H1	saha	saha/	praatipadika	overcoming, vanquishing
H1	saha	saha/	praatipadika	bearing, enduring, withstanding, defying, equal to, a match for
H1	saha	saha/	praatipadika	causing, effecting, stimulating, exerting
H1	saha	saha/	praatipadika	able to, capable of
H1	saha	saha/	praatipadika	the month Mārgaśīrṣa
H1	saha	saha/	praatipadika	a particular Agni
H1	saha	saha/	praatipadika	a species of plant
H1	saha	saha/	praatipadika	Name of a son of Manu
H1	saha	saha/	praatipadika	Name of a son of Prāṇa, Ūrjasvatī
H1	saha	saha/	praatipadika	Name of a son of Dhṛtarāṣṭra
H1	saha	saha/	praatipadika	Name of a son of Kṛṣṇa, Mādrī
H1	saha	saha/	praatipadika	a companion
H1	saha	saha/	praatipadika	kind of salt
H1	saha	saha/	avyaya	together with, along with, with, to take with one with, to give to take away with one, taking with one, in the company of
H1	saha	saha/	avyaya	in common, in company, jointly, conjointly, in concert
H1	saha	saha/	avyaya	at the same time, simultaneously with
H1	su	su	dhaatu	to go, move
H1	su	su	dhaatu	to urge, impel, incite, to possess supremacy
H1	su	su	dhaatu	to press out, extract, to distil
H1	su	su	dhaatu	to beget, bring forth
H1	su	su/	upasarga	to become, to lengthen a preceding vowel, good, excellent, right, virtuous, beautiful, easy, well, rightly, much, greatly, very, any, easily, willingly, quickly
H1	han	han	naama-dhaatu	to strike, beat, pound, hammer, strike upon, to smite, slay, hit, kill, mar, destroy, to put to death, cause to be executed, to strike off, to ward off, avert, to hurt, wound, to hurl upon, to touch, come into contact, to obstruct, hinder, to repress, give up, abandon, to be struck, killed, to cause to be slain, killed, kill, slay, put to death, punish, to notify a person's death, to mar, destroy, to wish to kill, destroy, to strike or tread upon, to slay, kill, to dispel, destroy, to hurt, injure, wound
H1	han	han	dhaatu	killing, a killer, slayer
H1	hari	hari	praatipadika	bearing, carrying
H1	hari	ha/ri	praatipadika	fawn-coloured, reddish brown, brown, tawny, pale yellow, yellow, fallow, bay, green, greenish
H1	hari	ha/ri	praatipadika	yellow, reddish brown, green
H1	hari	ha/ri	praatipadika	a horse, steed
H1	hari	ha/ri	praatipadika	a lion
H1	hari	ha/ri	praatipadika	the sign of the zodiac Leo
H1	hari	ha/ri	praatipadika	the sun
H1	hari	ha/ri	praatipadika	Name of Yama
H1	hari	ha/ri	praatipadika	a monkey
H1	hari	ha/ri	praatipadika	a ray of light, the moon, Phaseolus Mungo, a jackal, a parrot, a peacock, the Koil or Indian cuckoo, a goose, a frog, a snake, fire
H1	hari	ha/ri	praatipadika	the wind, Name of Vāyu
H1	hari	ha/ri	praatipadika	Name of Indra
H1	hari	ha/ri	praatipadika	Name of Viṣṇu-Kṛṣṇa
H1	hari	ha/ri	praatipadika	Name of Brahmā
H1	hari	ha/ri	praatipadika	Name of Śiva
H1	hari	ha/ri	praatipadika	Name of Śukra
H1	hari	ha/ri	praatipadika	Name of Suparṇa
H1	hari	ha/ri	praatipadika	Name of a Dānava
H1	hari	ha/ri	praatipadika	Name of a son of Garuḍa
H1	hari	ha/ri	praatipadika	Name of a Rākṣasa
H1	hari	ha/ri	praatipadika	Name of a mountain
H1	hari	ha/ri	praatipadika	Name of a son of Akampana
H1	hari	ha/ri	praatipadika	Name of a son of Tārakākṣa
H1	hari	ha/ri	praatipadika	Name of a son of Parājit
H1	hari	ha/ri	praatipadika	Name of a son of Parāvṛt
H1	hari	ha/ri	praatipadika	Name of a worshipper of Viṣṇu
H1	hari	ha/ri	praatipadika	Name of various authors, scholars
H1	hari	ha/ri	praatipadika	Name of a metre
H1	hari	ha/ri	praatipadika	Name of a world
H1	hari	ha/ri	praatipadika	Name of a particular high number
H1	hari	ha/ri	praatipadika	a particular class of gods under Manu Tāmasa
H1	hari	ha/ri	praatipadika	men, people
H1	hari	hari	praatipadika	an exclamation
H1	hi	hi	dhaatu	to send forth, set in motion, impel, urge on, hasten on, to stimulate, incite to, to assist, help to, to discharge, hurl, cast, shoot, to convey, bring, procure, to forsake, abandon, get rid of,to gladden, delight
H1	hi	hi/	dhaatu	for, because, on account of
H1	hi	hi/	avyaya	just, pray, do
H1	hi	hi/	dhaatu	indeed, assuredly, surely, of course, certainly, most assuredly, indeed-but, often a mere expletive, especially to avoid a hiatus, sometimes repeated in the same sentence, an interjection of envy and contempt and hurry