head	lemma	derivation	category	model	method	max
H1	BAva	BAva/	praatipadika	orginal	orginal	30
H1	BAva	BAva/	praatipadika	MPnet	k_hop	18
H1	BAva	BAva/	praatipadika	MPnet	hac	72
H1	BAva	BAva/	praatipadika	MPnet	louvain	14
H1	BAva	BAva/	praatipadika	MPnet	leiden	16
H1	BU	BU	dhaatu	orginal	orginal	2
H1	BU	BU	dhaatu	MPnet	k_hop	2
H1	BU	BU	dhaatu	MPnet	hac	2
H1	BU	BU	dhaatu	MPnet	louvain	2
H1	BU	BU	dhaatu	MPnet	leiden	2
H1	BU	BU/	dhaatu	orginal	orginal	14
H1	BU	BU/	dhaatu	MPnet	k_hop	5
H1	BU	BU/	dhaatu	MPnet	hac	26
H1	BU	BU/	dhaatu	MPnet	louvain	7
H1	BU	BU/	dhaatu	MPnet	leiden	8
H1	Darma	Da/rma	praatipadika	orginal	orginal	27
H1	Darma	Da/rma	praatipadika	MPnet	k_hop	14
H1	Darma	Da/rma	praatipadika	MPnet	hac	49
H1	Darma	Da/rma	praatipadika	MPnet	louvain	13
H1	Darma	Da/rma	praatipadika	MPnet	leiden	14
H1	Darma	Darma	naama-dhaatu	orginal	orginal	1
H1	Darma	Darma	naama-dhaatu	MPnet	k_hop	2
H1	Darma	Darma	naama-dhaatu	MPnet	hac	2
H1	Darma	Darma	naama-dhaatu	MPnet	louvain	2
H1	Darma	Darma	naama-dhaatu	MPnet	leiden	2
H1	agra	a/gra	praatipadika	orginal	orginal	15
H1	agra	a/gra	praatipadika	MPnet	k_hop	10
H1	agra	a/gra	praatipadika	MPnet	hac	30
H1	agra	a/gra	praatipadika	MPnet	louvain	9
H1	agra	a/gra	praatipadika	MPnet	leiden	9
H1	agra	agra	praatipadika	orginal	orginal	1
H1	agra	agra	praatipadika	MPnet	k_hop	1
H1	agra	agra	praatipadika	MPnet	hac	2
H1	agra	agra	praatipadika	MPnet	louvain	1
H1	agra	agra	praatipadika	MPnet	leiden	1
H1	arTa	a/rTa	praatipadika	orginal	orginal	15
H1	arTa	a/rTa	praatipadika	MPnet	k_hop	8
H1	arTa	a/rTa	praatipadika	MPnet	hac	35
H1	arTa	a/rTa	praatipadika	MPnet	louvain	7
H1	arTa	a/rTa	praatipadika	MPnet	leiden	7
H1	banD	banD	dhaatu	orginal	orginal	1
H1	banD	banD	dhaatu	MPnet	k_hop	15
H1	banD	banD	dhaatu	MPnet	hac	68
H1	banD	banD	dhaatu	MPnet	louvain	12
H1	banD	banD	dhaatu	MPnet	leiden	12
H1	brahman	bra/hman	praatipadika	orginal	orginal	11
H1	brahman	bra/hman	praatipadika	MPnet	k_hop	5
H1	brahman	bra/hman	praatipadika	MPnet	hac	24
H1	brahman	bra/hman	praatipadika	MPnet	louvain	6
H1	brahman	bra/hman	praatipadika	MPnet	leiden	6
H1	brahman	brahma/n	praatipadika	orginal	orginal	16
H1	brahman	brahma/n	praatipadika	MPnet	k_hop	5
H1	brahman	brahma/n	praatipadika	MPnet	hac	22
H1	brahman	brahma/n	praatipadika	MPnet	louvain	6
H1	brahman	brahma/n	praatipadika	MPnet	leiden	7
H1	citra	citra	praatipadika	orginal	orginal	1
H1	citra	citra	praatipadika	MPnet	k_hop	2
H1	citra	citra	praatipadika	MPnet	hac	2
H1	citra	citra	praatipadika	MPnet	louvain	2
H1	citra	citra	praatipadika	MPnet	leiden	2
H1	citra	citra/	praatipadika	orginal	orginal	33
H1	citra	citra/	praatipadika	MPnet	k_hop	15
H1	citra	citra/	praatipadika	MPnet	hac	43
H1	citra	citra/	praatipadika	MPnet	louvain	14
H1	citra	citra/	praatipadika	MPnet	leiden	14
H1	dfS	df/S	praatipadika	orginal	orginal	7
H1	dfS	df/S	praatipadika	MPnet	k_hop	3
H1	dfS	df/S	praatipadika	MPnet	hac	13
H1	dfS	df/S	praatipadika	MPnet	louvain	4
H1	dfS	df/S	praatipadika	MPnet	leiden	5
H1	dfS	dfS	praatipadika	orginal	orginal	1
H1	dfS	dfS	praatipadika	MPnet	k_hop	5
H1	dfS	dfS	praatipadika	MPnet	hac	32
H1	dfS	dfS	praatipadika	MPnet	louvain	5
H1	dfS	dfS	praatipadika	MPnet	leiden	7
H1	eka	e/ka	praatipadika	orginal	orginal	12
H1	eka	e/ka	praatipadika	MPnet	k_hop	9
H1	eka	e/ka	praatipadika	MPnet	hac	28
H1	eka	e/ka	praatipadika	MPnet	louvain	9
H1	eka	e/ka	praatipadika	MPnet	leiden	9
H1	eva	e/va	praatipadika	orginal	orginal	5
H1	eva	e/va	praatipadika	MPnet	k_hop	8
H1	eva	e/va	praatipadika	MPnet	hac	15
H1	eva	e/va	praatipadika	MPnet	louvain	9
H1	eva	e/va	praatipadika	MPnet	leiden	9
H1	eva	eva/	avyaya	orginal	orginal	4
H1	eva	eva/	avyaya	MPnet	k_hop	7
H1	eva	eva/	avyaya	MPnet	hac	22
H1	eva	eva/	avyaya	MPnet	louvain	6
H1	eva	eva/	avyaya	MPnet	leiden	7
H1	gam	gam	dhaatu	orginal	orginal	1
H1	gam	gam	dhaatu	MPnet	k_hop	7
H1	gam	gam	dhaatu	MPnet	hac	52
H1	gam	gam	dhaatu	MPnet	louvain	8
H1	gam	gam	dhaatu	MPnet	leiden	11
H1	grah	grah	dhaatu	orginal	orginal	1
H1	grah	grah	dhaatu	MPnet	k_hop	8
H1	grah	grah	dhaatu	MPnet	hac	62
H1	grah	grah	dhaatu	MPnet	louvain	6
H1	grah	grah	dhaatu	MPnet	leiden	8
H1	han	han	dhaatu	orginal	orginal	1
H1	han	han	dhaatu	MPnet	k_hop	1
H1	han	han	dhaatu	MPnet	hac	3
H1	han	han	dhaatu	MPnet	louvain	1
H1	han	han	dhaatu	MPnet	leiden	1
H1	han	han	naama-dhaatu	orginal	orginal	1
H1	han	han	naama-dhaatu	MPnet	k_hop	3
H1	han	han	naama-dhaatu	MPnet	hac	32
H1	han	han	naama-dhaatu	MPnet	louvain	4
H1	han	han	naama-dhaatu	MPnet	leiden	6
H1	hari	ha/ri	praatipadika	orginal	orginal	31
H1	hari	ha/ri	praatipadika	MPnet	k_hop	9
H1	hari	ha/ri	praatipadika	MPnet	hac	46
H1	hari	ha/ri	praatipadika	MPnet	louvain	7
H1	hari	ha/ri	praatipadika	MPnet	leiden	7
H1	hari	hari	praatipadika	orginal	orginal	2
H1	hari	hari	praatipadika	MPnet	k_hop	2
H1	hari	hari	praatipadika	MPnet	hac	3
H1	hari	hari	praatipadika	MPnet	louvain	2
H1	hari	hari	praatipadika	MPnet	leiden	2
H1	hi	hi	dhaatu	orginal	orginal	1
H1	hi	hi	dhaatu	MPnet	k_hop	3
H1	hi	hi	dhaatu	MPnet	hac	21
H1	hi	hi	dhaatu	MPnet	louvain	4
H1	hi	hi	dhaatu	MPnet	leiden	4
H1	hi	hi/	avyaya	orginal	orginal	1
H1	hi	hi/	avyaya	MPnet	k_hop	2
H1	hi	hi/	avyaya	MPnet	hac	3
H1	hi	hi/	avyaya	MPnet	louvain	2
H1	hi	hi/	avyaya	MPnet	leiden	2
H1	hi	hi/	dhaatu	orginal	orginal	2
H1	hi	hi/	dhaatu	MPnet	k_hop	6
H1	hi	hi/	dhaatu	MPnet	hac	12
H1	hi	hi/	dhaatu	MPnet	louvain	7
H1	hi	hi/	dhaatu	MPnet	leiden	7
H1	kAla	kAla	praatipadika	orginal	orginal	25
H1	kAla	kAla	praatipadika	MPnet	k_hop	6
H1	kAla	kAla	praatipadika	MPnet	hac	25
H1	kAla	kAla	praatipadika	MPnet	louvain	7
H1	kAla	kAla	praatipadika	MPnet	leiden	7
H1	kAla	kAla/	praatipadika	orginal	orginal	13
H1	kAla	kAla/	praatipadika	MPnet	k_hop	4
H1	kAla	kAla/	praatipadika	MPnet	hac	19
H1	kAla	kAla/	praatipadika	MPnet	louvain	5
H1	kAla	kAla/	praatipadika	MPnet	leiden	6
H1	karman	ka/rman	praatipadika	orginal	orginal	12
H1	karman	ka/rman	praatipadika	MPnet	k_hop	7
H1	karman	ka/rman	praatipadika	MPnet	hac	25
H1	karman	ka/rman	praatipadika	MPnet	louvain	8
H1	karman	ka/rman	praatipadika	MPnet	leiden	8
H1	kavi	kav	praatipadika	orginal	orginal	4
H1	kavi	kav	praatipadika	MPnet	k_hop	2
H1	kavi	kav	praatipadika	MPnet	hac	14
H1	kavi	kav	praatipadika	MPnet	louvain	2
H1	kavi	kav	praatipadika	MPnet	leiden	2
H1	kavi	kavi/	praatipadika	orginal	orginal	27
H1	kavi	kavi/	praatipadika	MPnet	k_hop	9
H1	kavi	kavi/	praatipadika	MPnet	hac	39
H1	kavi	kavi/	praatipadika	MPnet	louvain	8
H1	kavi	kavi/	praatipadika	MPnet	leiden	8
H1	kf	kf	dhaatu	orginal	orginal	3
H1	kf	kf	dhaatu	MPnet	k_hop	3
H1	kf	kf	dhaatu	MPnet	hac	3
H1	kf	kf	dhaatu	MPnet	louvain	3
H1	kf	kf	dhaatu	MPnet	leiden	3
H1	mad	mad	dhaatu	orginal	orginal	3
H1	mad	mad	dhaatu	MPnet	k_hop	5
H1	mad	mad	dhaatu	MPnet	hac	22
H1	mad	mad	dhaatu	MPnet	louvain	6
H1	mad	mad	dhaatu	MPnet	leiden	6
H1	muc	muc	dhaatu	orginal	orginal	5
H1	muc	muc	dhaatu	MPnet	k_hop	3
H1	muc	muc	dhaatu	MPnet	hac	62
H1	muc	muc	dhaatu	MPnet	louvain	5
H1	muc	muc	dhaatu	MPnet	leiden	8
H1	prakfti	pra-kfti	cpd-praatipadika	orginal	orginal	25
H1	prakfti	pra-kfti	cpd-praatipadika	MPnet	k_hop	14
H1	prakfti	pra-kfti	cpd-praatipadika	MPnet	hac	59
H1	prakfti	pra-kfti	cpd-praatipadika	MPnet	louvain	11
H1	prakfti	pra-kfti	cpd-praatipadika	MPnet	leiden	14
H1	rUpa	rUpa/	praatipadika	orginal	orginal	26
H1	rUpa	rUpa/	praatipadika	MPnet	k_hop	14
H1	rUpa	rUpa/	praatipadika	MPnet	hac	54
H1	rUpa	rUpa/	praatipadika	MPnet	louvain	12
H1	rUpa	rUpa/	praatipadika	MPnet	leiden	13
H1	rasa	ra/sa	praatipadika	orginal	orginal	32
H1	rasa	ra/sa	praatipadika	MPnet	k_hop	16
H1	rasa	ra/sa	praatipadika	MPnet	hac	64
H1	rasa	ra/sa	praatipadika	MPnet	louvain	14
H1	rasa	ra/sa	praatipadika	MPnet	leiden	15
H1	saha	saha/	avyaya	orginal	orginal	3
H1	saha	saha/	avyaya	MPnet	k_hop	1
H1	saha	saha/	avyaya	MPnet	hac	11
H1	saha	saha/	avyaya	MPnet	louvain	3
H1	saha	saha/	avyaya	MPnet	leiden	4
H1	saha	saha/	praatipadika	orginal	orginal	14
H1	saha	saha/	praatipadika	MPnet	k_hop	5
H1	saha	saha/	praatipadika	MPnet	hac	27
H1	saha	saha/	praatipadika	MPnet	louvain	5
H1	saha	saha/	praatipadika	MPnet	leiden	5
H1	sarva	sa/rva	praatipadika	orginal	orginal	8
H1	sarva	sa/rva	praatipadika	MPnet	k_hop	5
H1	sarva	sa/rva	praatipadika	MPnet	hac	16
H1	sarva	sa/rva	praatipadika	MPnet	louvain	6
H1	sarva	sa/rva	praatipadika	MPnet	leiden	6
H1	su	su	dhaatu	orginal	orginal	4
H1	su	su	dhaatu	MPnet	k_hop	2
H1	su	su	dhaatu	MPnet	hac	11
H1	su	su	dhaatu	MPnet	louvain	3
H1	su	su	dhaatu	MPnet	leiden	4
H1	su	su/	upasarga	orginal	orginal	1
H1	su	su/	upasarga	MPnet	k_hop	6
H1	su	su/	upasarga	MPnet	hac	17
H1	su	su/	upasarga	MPnet	louvain	7
H1	su	su/	upasarga	MPnet	leiden	7
H1	tad	ta/d	praatipadika	orginal	orginal	10
H1	tad	ta/d	praatipadika	MPnet	k_hop	6
H1	tad	ta/d	praatipadika	MPnet	hac	21
H1	tad	ta/d	praatipadika	MPnet	louvain	5
H1	tad	ta/d	praatipadika	MPnet	leiden	7
H1	tad	tad	praatipadika	orginal	orginal	6
H1	tad	tad	praatipadika	MPnet	k_hop	5
H1	tad	tad	praatipadika	MPnet	hac	15
H1	tad	tad	praatipadika	MPnet	louvain	7
H1	tad	tad	praatipadika	MPnet	leiden	7
H1	tatas	ta/tas	praatipadika	orginal	orginal	17
H1	tatas	ta/tas	praatipadika	MPnet	k_hop	5
H1	tatas	ta/tas	praatipadika	MPnet	hac	23
H1	tatas	ta/tas	praatipadika	MPnet	louvain	6
H1	tatas	ta/tas	praatipadika	MPnet	leiden	6
H1	tu	tu	dhaatu	orginal	orginal	1
H1	tu	tu	dhaatu	MPnet	k_hop	3
H1	tu	tu	dhaatu	MPnet	hac	6
H1	tu	tu	dhaatu	MPnet	louvain	4
H1	tu	tu	dhaatu	MPnet	leiden	4
H1	tu	tu/	avyaya	orginal	orginal	12
H1	tu	tu/	avyaya	MPnet	k_hop	5
H1	tu	tu/	avyaya	MPnet	hac	15
H1	tu	tu/	avyaya	MPnet	louvain	6
H1	tu	tu/	avyaya	MPnet	leiden	6
H1	uttara	u/t-tara	cpd-praatipadika	orginal	orginal	2
H1	uttara	u/t-tara	cpd-praatipadika	MPnet	k_hop	1
H1	uttara	u/t-tara	cpd-praatipadika	MPnet	hac	2
H1	uttara	u/t-tara	cpd-praatipadika	MPnet	louvain	1
H1	uttara	u/t-tara	cpd-praatipadika	MPnet	leiden	1
H1	uttara	u/ttara	praatipadika	orginal	orginal	27
H1	uttara	u/ttara	praatipadika	MPnet	k_hop	13
H1	uttara	u/ttara	praatipadika	MPnet	hac	52
H1	uttara	u/ttara	praatipadika	MPnet	louvain	11
H1	uttara	u/ttara	praatipadika	MPnet	leiden	12
H1	vac	vac	dhaatu	orginal	orginal	1
H1	vac	vac	dhaatu	MPnet	k_hop	5
H1	vac	vac	dhaatu	MPnet	hac	30
H1	vac	vac	dhaatu	MPnet	louvain	5
H1	vac	vac	dhaatu	MPnet	leiden	5
H1	yoga	yo/ga	praatipadika	orginal	orginal	38
H1	yoga	yo/ga	praatipadika	MPnet	k_hop	13
H1	yoga	yo/ga	praatipadika	MPnet	hac	106
H1	yoga	yo/ga	praatipadika	MPnet	louvain	11
H1	yoga	yo/ga	praatipadika	MPnet	leiden	13
H1	yuj	yu/j	dhaatu	orginal	orginal	10
H1	yuj	yu/j	dhaatu	MPnet	k_hop	13
H1	yuj	yu/j	dhaatu	MPnet	hac	23
H1	yuj	yu/j	dhaatu	MPnet	louvain	11
H1	yuj	yu/j	dhaatu	MPnet	leiden	12
H1	yuj	yuj	dhaatu	orginal	orginal	1
H1	yuj	yuj	dhaatu	MPnet	k_hop	6
H1	yuj	yuj	dhaatu	MPnet	hac	81
H1	yuj	yuj	dhaatu	MPnet	louvain	7
H1	yuj	yuj	dhaatu	MPnet	leiden	9
H1	BAva	BAva/	praatipadika	orginal	orginal	30
H1	BAva	BAva/	praatipadika	LaBSE	k_hop	34
H1	BAva	BAva/	praatipadika	LaBSE	hac	10
H1	BAva	BAva/	praatipadika	LaBSE	louvain	30
H1	BAva	BAva/	praatipadika	LaBSE	leiden	30
H1	BU	BU	dhaatu	orginal	orginal	2
H1	BU	BU	dhaatu	LaBSE	k_hop	2
H1	BU	BU	dhaatu	LaBSE	hac	2
H1	BU	BU	dhaatu	LaBSE	louvain	2
H1	BU	BU	dhaatu	LaBSE	leiden	2
H1	BU	BU/	dhaatu	orginal	orginal	14
H1	BU	BU/	dhaatu	LaBSE	k_hop	10
H1	BU	BU/	dhaatu	LaBSE	hac	5
H1	BU	BU/	dhaatu	LaBSE	louvain	10
H1	BU	BU/	dhaatu	LaBSE	leiden	11
H1	Darma	Da/rma	praatipadika	orginal	orginal	27
H1	Darma	Da/rma	praatipadika	LaBSE	k_hop	26
H1	Darma	Da/rma	praatipadika	LaBSE	hac	10
H1	Darma	Da/rma	praatipadika	LaBSE	louvain	25
H1	Darma	Da/rma	praatipadika	LaBSE	leiden	25
H1	Darma	Darma	naama-dhaatu	orginal	orginal	1
H1	Darma	Darma	naama-dhaatu	LaBSE	k_hop	2
H1	Darma	Darma	naama-dhaatu	LaBSE	hac	1
H1	Darma	Darma	naama-dhaatu	LaBSE	louvain	2
H1	Darma	Darma	naama-dhaatu	LaBSE	leiden	2
H1	agra	a/gra	praatipadika	orginal	orginal	15
H1	agra	a/gra	praatipadika	LaBSE	k_hop	16
H1	agra	a/gra	praatipadika	LaBSE	hac	4
H1	agra	a/gra	praatipadika	LaBSE	louvain	16
H1	agra	a/gra	praatipadika	LaBSE	leiden	16
H1	agra	agra	praatipadika	orginal	orginal	1
H1	agra	agra	praatipadika	LaBSE	k_hop	1
H1	agra	agra	praatipadika	LaBSE	hac	1
H1	agra	agra	praatipadika	LaBSE	louvain	1
H1	agra	agra	praatipadika	LaBSE	leiden	1
H1	arTa	a/rTa	praatipadika	orginal	orginal	15
H1	arTa	a/rTa	praatipadika	LaBSE	k_hop	16
H1	arTa	a/rTa	praatipadika	LaBSE	hac	5
H1	arTa	a/rTa	praatipadika	LaBSE	louvain	17
H1	arTa	a/rTa	praatipadika	LaBSE	leiden	17
H1	banD	banD	dhaatu	orginal	orginal	1
H1	banD	banD	dhaatu	LaBSE	k_hop	18
H1	banD	banD	dhaatu	LaBSE	hac	4
H1	banD	banD	dhaatu	LaBSE	louvain	16
H1	banD	banD	dhaatu	LaBSE	leiden	16
H1	brahman	bra/hman	praatipadika	orginal	orginal	11
H1	brahman	bra/hman	praatipadika	LaBSE	k_hop	20
H1	brahman	bra/hman	praatipadika	LaBSE	hac	7
H1	brahman	bra/hman	praatipadika	LaBSE	louvain	21
H1	brahman	bra/hman	praatipadika	LaBSE	leiden	21
H1	brahman	brahma/n	praatipadika	orginal	orginal	16
H1	brahman	brahma/n	praatipadika	LaBSE	k_hop	20
H1	brahman	brahma/n	praatipadika	LaBSE	hac	7
H1	brahman	brahma/n	praatipadika	LaBSE	louvain	20
H1	brahman	brahma/n	praatipadika	LaBSE	leiden	20
H1	citra	citra	praatipadika	orginal	orginal	1
H1	citra	citra	praatipadika	LaBSE	k_hop	2
H1	citra	citra	praatipadika	LaBSE	hac	1
H1	citra	citra	praatipadika	LaBSE	louvain	2
H1	citra	citra	praatipadika	LaBSE	leiden	2
H1	citra	citra/	praatipadika	orginal	orginal	33
H1	citra	citra/	praatipadika	LaBSE	k_hop	29
H1	citra	citra/	praatipadika	LaBSE	hac	9
H1	citra	citra/	praatipadika	LaBSE	louvain	29
H1	citra	citra/	praatipadika	LaBSE	leiden	29
H1	dfS	df/S	praatipadika	orginal	orginal	7
H1	dfS	df/S	praatipadika	LaBSE	k_hop	5
H1	dfS	df/S	praatipadika	LaBSE	hac	2
H1	dfS	df/S	praatipadika	LaBSE	louvain	5
H1	dfS	df/S	praatipadika	LaBSE	leiden	6
H1	dfS	dfS	praatipadika	orginal	orginal	1
H1	dfS	dfS	praatipadika	LaBSE	k_hop	9
H1	dfS	dfS	praatipadika	LaBSE	hac	2
H1	dfS	dfS	praatipadika	LaBSE	louvain	8
H1	dfS	dfS	praatipadika	LaBSE	leiden	8
H1	eka	e/ka	praatipadika	orginal	orginal	12
H1	eka	e/ka	praatipadika	LaBSE	k_hop	10
H1	eka	e/ka	praatipadika	LaBSE	hac	2
H1	eka	e/ka	praatipadika	LaBSE	louvain	11
H1	eka	e/ka	praatipadika	LaBSE	leiden	12
H1	eva	e/va	praatipadika	orginal	orginal	5
H1	eva	e/va	praatipadika	LaBSE	k_hop	5
H1	eva	e/va	praatipadika	LaBSE	hac	1
H1	eva	e/va	praatipadika	LaBSE	louvain	6
H1	eva	e/va	praatipadika	LaBSE	leiden	7
H1	eva	eva/	avyaya	orginal	orginal	4
H1	eva	eva/	avyaya	LaBSE	k_hop	6
H1	eva	eva/	avyaya	LaBSE	hac	3
H1	eva	eva/	avyaya	LaBSE	louvain	7
H1	eva	eva/	avyaya	LaBSE	leiden	8
H1	gam	gam	dhaatu	orginal	orginal	1
H1	gam	gam	dhaatu	LaBSE	k_hop	21
H1	gam	gam	dhaatu	LaBSE	hac	2
H1	gam	gam	dhaatu	LaBSE	louvain	20
H1	gam	gam	dhaatu	LaBSE	leiden	22
H1	grah	grah	dhaatu	orginal	orginal	1
H1	grah	grah	dhaatu	LaBSE	k_hop	9
H1	grah	grah	dhaatu	LaBSE	hac	1
H1	grah	grah	dhaatu	LaBSE	louvain	11
H1	grah	grah	dhaatu	LaBSE	leiden	11
H1	han	han	dhaatu	orginal	orginal	1
H1	han	han	dhaatu	LaBSE	k_hop	1
H1	han	han	dhaatu	LaBSE	hac	1
H1	han	han	dhaatu	LaBSE	louvain	1
H1	han	han	dhaatu	LaBSE	leiden	1
H1	han	han	naama-dhaatu	orginal	orginal	1
H1	han	han	naama-dhaatu	LaBSE	k_hop	9
H1	han	han	naama-dhaatu	LaBSE	hac	1
H1	han	han	naama-dhaatu	LaBSE	louvain	5
H1	han	han	naama-dhaatu	LaBSE	leiden	7
H1	hari	ha/ri	praatipadika	orginal	orginal	31
H1	hari	ha/ri	praatipadika	LaBSE	k_hop	22
H1	hari	ha/ri	praatipadika	LaBSE	hac	6
H1	hari	ha/ri	praatipadika	LaBSE	louvain	20
H1	hari	ha/ri	praatipadika	LaBSE	leiden	20
H1	hari	hari	praatipadika	orginal	orginal	2
H1	hari	hari	praatipadika	LaBSE	k_hop	2
H1	hari	hari	praatipadika	LaBSE	hac	1
H1	hari	hari	praatipadika	LaBSE	louvain	2
H1	hari	hari	praatipadika	LaBSE	leiden	2
H1	hi	hi	dhaatu	orginal	orginal	1
H1	hi	hi	dhaatu	LaBSE	k_hop	5
H1	hi	hi	dhaatu	LaBSE	hac	1
H1	hi	hi	dhaatu	LaBSE	louvain	5
H1	hi	hi	dhaatu	LaBSE	leiden	5
H1	hi	hi/	avyaya	orginal	orginal	1
H1	hi	hi/	avyaya	LaBSE	k_hop	3
H1	hi	hi/	avyaya	LaBSE	hac	1
H1	hi	hi/	avyaya	LaBSE	louvain	3
H1	hi	hi/	avyaya	LaBSE	leiden	3
H1	hi	hi/	dhaatu	orginal	orginal	2
H1	hi	hi/	dhaatu	LaBSE	k_hop	6
H1	hi	hi/	dhaatu	LaBSE	hac	3
H1	hi	hi/	dhaatu	LaBSE	louvain	6
H1	hi	hi/	dhaatu	LaBSE	leiden	7
H1	kAla	kAla	praatipadika	orginal	orginal	25
H1	kAla	kAla	praatipadika	LaBSE	k_hop	20
H1	kAla	kAla	praatipadika	LaBSE	hac	8
H1	kAla	kAla	praatipadika	LaBSE	louvain	20
H1	kAla	kAla	praatipadika	LaBSE	leiden	20
H1	kAla	kAla/	praatipadika	orginal	orginal	13
H1	kAla	kAla/	praatipadika	LaBSE	k_hop	7
H1	kAla	kAla/	praatipadika	LaBSE	hac	1
H1	kAla	kAla/	praatipadika	LaBSE	louvain	7
H1	kAla	kAla/	praatipadika	LaBSE	leiden	8
H1	karman	ka/rman	praatipadika	orginal	orginal	12
H1	karman	ka/rman	praatipadika	LaBSE	k_hop	12
H1	karman	ka/rman	praatipadika	LaBSE	hac	3
H1	karman	ka/rman	praatipadika	LaBSE	louvain	12
H1	karman	ka/rman	praatipadika	LaBSE	leiden	12
H1	kavi	kav	praatipadika	orginal	orginal	4
H1	kavi	kav	praatipadika	LaBSE	k_hop	7
H1	kavi	kav	praatipadika	LaBSE	hac	2
H1	kavi	kav	praatipadika	LaBSE	louvain	7
H1	kavi	kav	praatipadika	LaBSE	leiden	7
H1	kavi	kavi/	praatipadika	orginal	orginal	27
H1	kavi	kavi/	praatipadika	LaBSE	k_hop	21
H1	kavi	kavi/	praatipadika	LaBSE	hac	5
H1	kavi	kavi/	praatipadika	LaBSE	louvain	20
H1	kavi	kavi/	praatipadika	LaBSE	leiden	20
H1	kf	kf	dhaatu	orginal	orginal	3
H1	kf	kf	dhaatu	LaBSE	k_hop	3
H1	kf	kf	dhaatu	LaBSE	hac	2
H1	kf	kf	dhaatu	LaBSE	louvain	3
H1	kf	kf	dhaatu	LaBSE	leiden	3
H1	mad	mad	dhaatu	orginal	orginal	3
H1	mad	mad	dhaatu	LaBSE	k_hop	9
H1	mad	mad	dhaatu	LaBSE	hac	2
H1	mad	mad	dhaatu	LaBSE	louvain	7
H1	mad	mad	dhaatu	LaBSE	leiden	9
H1	muc	muc	dhaatu	orginal	orginal	5
H1	muc	muc	dhaatu	LaBSE	k_hop	5
H1	muc	muc	dhaatu	LaBSE	hac	1
H1	muc	muc	dhaatu	LaBSE	louvain	6
H1	muc	muc	dhaatu	LaBSE	leiden	7
H1	prakfti	pra-kfti	cpd-praatipadika	orginal	orginal	25
H1	prakfti	pra-kfti	cpd-praatipadika	LaBSE	k_hop	32
H1	prakfti	pra-kfti	cpd-praatipadika	LaBSE	hac	8
H1	prakfti	pra-kfti	cpd-praatipadika	LaBSE	louvain	29
H1	prakfti	pra-kfti	cpd-praatipadika	LaBSE	leiden	29
H1	rUpa	rUpa/	praatipadika	orginal	orginal	26
H1	rUpa	rUpa/	praatipadika	LaBSE	k_hop	25
H1	rUpa	rUpa/	praatipadika	LaBSE	hac	5
H1	rUpa	rUpa/	praatipadika	LaBSE	louvain	24
H1	rUpa	rUpa/	praatipadika	LaBSE	leiden	25
H1	rasa	ra/sa	praatipadika	orginal	orginal	32
H1	rasa	ra/sa	praatipadika	LaBSE	k_hop	34
H1	rasa	ra/sa	praatipadika	LaBSE	hac	11
H1	rasa	ra/sa	praatipadika	LaBSE	louvain	33
H1	rasa	ra/sa	praatipadika	LaBSE	leiden	34
H1	saha	saha/	avyaya	orginal	orginal	3
H1	saha	saha/	avyaya	LaBSE	k_hop	3
H1	saha	saha/	avyaya	LaBSE	hac	1
H1	saha	saha/	avyaya	LaBSE	louvain	4
H1	saha	saha/	avyaya	LaBSE	leiden	4
H1	saha	saha/	praatipadika	orginal	orginal	14
H1	saha	saha/	praatipadika	LaBSE	k_hop	13
H1	saha	saha/	praatipadika	LaBSE	hac	6
H1	saha	saha/	praatipadika	LaBSE	louvain	13
H1	saha	saha/	praatipadika	LaBSE	leiden	13
H1	sarva	sa/rva	praatipadika	orginal	orginal	8
H1	sarva	sa/rva	praatipadika	LaBSE	k_hop	5
H1	sarva	sa/rva	praatipadika	LaBSE	hac	2
H1	sarva	sa/rva	praatipadika	LaBSE	louvain	7
H1	sarva	sa/rva	praatipadika	LaBSE	leiden	7
H1	su	su	dhaatu	orginal	orginal	4
H1	su	su	dhaatu	LaBSE	k_hop	2
H1	su	su	dhaatu	LaBSE	hac	1
H1	su	su	dhaatu	LaBSE	louvain	4
H1	su	su	dhaatu	LaBSE	leiden	4
H1	su	su/	upasarga	orginal	orginal	1
H1	su	su/	upasarga	LaBSE	k_hop	6
H1	su	su/	upasarga	LaBSE	hac	2
H1	su	su/	upasarga	LaBSE	louvain	7
H1	su	su/	upasarga	LaBSE	leiden	7
H1	tad	ta/d	praatipadika	orginal	orginal	10
H1	tad	ta/d	praatipadika	LaBSE	k_hop	5
H1	tad	ta/d	praatipadika	LaBSE	hac	2
H1	tad	ta/d	praatipadika	LaBSE	louvain	5
H1	tad	ta/d	praatipadika	LaBSE	leiden	6
H1	tad	tad	praatipadika	orginal	orginal	6
H1	tad	tad	praatipadika	LaBSE	k_hop	7
H1	tad	tad	praatipadika	LaBSE	hac	2
H1	tad	tad	praatipadika	LaBSE	louvain	7
H1	tad	tad	praatipadika	LaBSE	leiden	7
H1	tatas	ta/tas	praatipadika	orginal	orginal	17
H1	tatas	ta/tas	praatipadika	LaBSE	k_hop	2
H1	tatas	ta/tas	praatipadika	LaBSE	hac	1
H1	tatas	ta/tas	praatipadika	LaBSE	louvain	3
H1	tatas	ta/tas	praatipadika	LaBSE	leiden	4
H1	tu	tu	dhaatu	orginal	orginal	1
H1	tu	tu	dhaatu	LaBSE	k_hop	5
H1	tu	tu	dhaatu	LaBSE	hac	1
H1	tu	tu	dhaatu	LaBSE	louvain	5
H1	tu	tu	dhaatu	LaBSE	leiden	5
H1	tu	tu/	avyaya	orginal	orginal	12
H1	tu	tu/	avyaya	LaBSE	k_hop	5
H1	tu	tu/	avyaya	LaBSE	hac	4
H1	tu	tu/	avyaya	LaBSE	louvain	7
H1	tu	tu/	avyaya	LaBSE	leiden	7
H1	uttara	u/t-tara	cpd-praatipadika	orginal	orginal	2
H1	uttara	u/t-tara	cpd-praatipadika	LaBSE	k_hop	1
H1	uttara	u/t-tara	cpd-praatipadika	LaBSE	hac	1
H1	uttara	u/t-tara	cpd-praatipadika	LaBSE	louvain	1
H1	uttara	u/t-tara	cpd-praatipadika	LaBSE	leiden	1
H1	uttara	u/ttara	praatipadika	orginal	orginal	27
H1	uttara	u/ttara	praatipadika	LaBSE	k_hop	19
H1	uttara	u/ttara	praatipadika	LaBSE	hac	4
H1	uttara	u/ttara	praatipadika	LaBSE	louvain	21
H1	uttara	u/ttara	praatipadika	LaBSE	leiden	21
H1	vac	vac	dhaatu	orginal	orginal	1
H1	vac	vac	dhaatu	LaBSE	k_hop	5
H1	vac	vac	dhaatu	LaBSE	hac	1
H1	vac	vac	dhaatu	LaBSE	louvain	6
H1	vac	vac	dhaatu	LaBSE	leiden	7
H1	yoga	yo/ga	praatipadika	orginal	orginal	38
H1	yoga	yo/ga	praatipadika	LaBSE	k_hop	47
H1	yoga	yo/ga	praatipadika	LaBSE	hac	12
H1	yoga	yo/ga	praatipadika	LaBSE	louvain	40
H1	yoga	yo/ga	praatipadika	LaBSE	leiden	39
H1	yuj	yu/j	dhaatu	orginal	orginal	10
H1	yuj	yu/j	dhaatu	LaBSE	k_hop	10
H1	yuj	yu/j	dhaatu	LaBSE	hac	5
H1	yuj	yu/j	dhaatu	LaBSE	louvain	10
H1	yuj	yu/j	dhaatu	LaBSE	leiden	10
H1	yuj	yuj	dhaatu	orginal	orginal	1
H1	yuj	yuj	dhaatu	LaBSE	k_hop	18
H1	yuj	yuj	dhaatu	LaBSE	hac	2
H1	yuj	yuj	dhaatu	LaBSE	louvain	15
H1	yuj	yuj	dhaatu	LaBSE	leiden	16
H1	BAva	BAva/	praatipadika	orginal	orginal	30
H1	BAva	BAva/	praatipadika	Paraphrase_mini	k_hop	9
H1	BAva	BAva/	praatipadika	Paraphrase_mini	hac	46
H1	BAva	BAva/	praatipadika	Paraphrase_mini	louvain	9
H1	BAva	BAva/	praatipadika	Paraphrase_mini	leiden	8
H1	BU	BU	dhaatu	orginal	orginal	2
H1	BU	BU	dhaatu	Paraphrase_mini	k_hop	2
H1	BU	BU	dhaatu	Paraphrase_mini	hac	2
H1	BU	BU	dhaatu	Paraphrase_mini	louvain	2
H1	BU	BU	dhaatu	Paraphrase_mini	leiden	2
H1	BU	BU/	dhaatu	orginal	orginal	14
H1	BU	BU/	dhaatu	Paraphrase_mini	k_hop	3
H1	BU	BU/	dhaatu	Paraphrase_mini	hac	15
H1	BU	BU/	dhaatu	Paraphrase_mini	louvain	3
H1	BU	BU/	dhaatu	Paraphrase_mini	leiden	5
H1	Darma	Da/rma	praatipadika	orginal	orginal	27
H1	Darma	Da/rma	praatipadika	Paraphrase_mini	k_hop	7
H1	Darma	Da/rma	praatipadika	Paraphrase_mini	hac	32
H1	Darma	Da/rma	praatipadika	Paraphrase_mini	louvain	6
H1	Darma	Da/rma	praatipadika	Paraphrase_mini	leiden	6
H1	Darma	Darma	naama-dhaatu	orginal	orginal	1
H1	Darma	Darma	naama-dhaatu	Paraphrase_mini	k_hop	2
H1	Darma	Darma	naama-dhaatu	Paraphrase_mini	hac	2
H1	Darma	Darma	naama-dhaatu	Paraphrase_mini	louvain	2
H1	Darma	Darma	naama-dhaatu	Paraphrase_mini	leiden	2
H1	agra	a/gra	praatipadika	orginal	orginal	15
H1	agra	a/gra	praatipadika	Paraphrase_mini	k_hop	4
H1	agra	a/gra	praatipadika	Paraphrase_mini	hac	19
H1	agra	a/gra	praatipadika	Paraphrase_mini	louvain	6
H1	agra	a/gra	praatipadika	Paraphrase_mini	leiden	9
H1	agra	agra	praatipadika	orginal	orginal	1
H1	agra	agra	praatipadika	Paraphrase_mini	k_hop	1
H1	agra	agra	praatipadika	Paraphrase_mini	hac	1
H1	agra	agra	praatipadika	Paraphrase_mini	louvain	1
H1	agra	agra	praatipadika	Paraphrase_mini	leiden	1
H1	arTa	a/rTa	praatipadika	orginal	orginal	15
H1	arTa	a/rTa	praatipadika	Paraphrase_mini	k_hop	6
H1	arTa	a/rTa	praatipadika	Paraphrase_mini	hac	22
H1	arTa	a/rTa	praatipadika	Paraphrase_mini	louvain	6
H1	arTa	a/rTa	praatipadika	Paraphrase_mini	leiden	9
H1	banD	banD	dhaatu	orginal	orginal	1
H1	banD	banD	dhaatu	Paraphrase_mini	k_hop	10
H1	banD	banD	dhaatu	Paraphrase_mini	hac	44
H1	banD	banD	dhaatu	Paraphrase_mini	louvain	7
H1	banD	banD	dhaatu	Paraphrase_mini	leiden	8
H1	brahman	bra/hman	praatipadika	orginal	orginal	11
H1	brahman	bra/hman	praatipadika	Paraphrase_mini	k_hop	6
H1	brahman	bra/hman	praatipadika	Paraphrase_mini	hac	14
H1	brahman	bra/hman	praatipadika	Paraphrase_mini	louvain	7
H1	brahman	bra/hman	praatipadika	Paraphrase_mini	leiden	7
H1	brahman	brahma/n	praatipadika	orginal	orginal	16
H1	brahman	brahma/n	praatipadika	Paraphrase_mini	k_hop	3
H1	brahman	brahma/n	praatipadika	Paraphrase_mini	hac	17
H1	brahman	brahma/n	praatipadika	Paraphrase_mini	louvain	3
H1	brahman	brahma/n	praatipadika	Paraphrase_mini	leiden	4
H1	citra	citra	praatipadika	orginal	orginal	1
H1	citra	citra	praatipadika	Paraphrase_mini	k_hop	2
H1	citra	citra	praatipadika	Paraphrase_mini	hac	2
H1	citra	citra	praatipadika	Paraphrase_mini	louvain	2
H1	citra	citra	praatipadika	Paraphrase_mini	leiden	2
H1	citra	citra/	praatipadika	orginal	orginal	33
H1	citra	citra/	praatipadika	Paraphrase_mini	k_hop	7
H1	citra	citra/	praatipadika	Paraphrase_mini	hac	33
H1	citra	citra/	praatipadika	Paraphrase_mini	louvain	10
H1	citra	citra/	praatipadika	Paraphrase_mini	leiden	11
H1	dfS	df/S	praatipadika	orginal	orginal	7
H1	dfS	df/S	praatipadika	Paraphrase_mini	k_hop	1
H1	dfS	df/S	praatipadika	Paraphrase_mini	hac	6
H1	dfS	df/S	praatipadika	Paraphrase_mini	louvain	2
H1	dfS	df/S	praatipadika	Paraphrase_mini	leiden	4
H1	dfS	dfS	praatipadika	orginal	orginal	1
H1	dfS	dfS	praatipadika	Paraphrase_mini	k_hop	2
H1	dfS	dfS	praatipadika	Paraphrase_mini	hac	16
H1	dfS	dfS	praatipadika	Paraphrase_mini	louvain	3
H1	dfS	dfS	praatipadika	Paraphrase_mini	leiden	7
H1	eka	e/ka	praatipadika	orginal	orginal	12
H1	eka	e/ka	praatipadika	Paraphrase_mini	k_hop	3
H1	eka	e/ka	praatipadika	Paraphrase_mini	hac	17
H1	eka	e/ka	praatipadika	Paraphrase_mini	louvain	4
H1	eka	e/ka	praatipadika	Paraphrase_mini	leiden	7
H1	eva	e/va	praatipadika	orginal	orginal	5
H1	eva	e/va	praatipadika	Paraphrase_mini	k_hop	2
H1	eva	e/va	praatipadika	Paraphrase_mini	hac	8
H1	eva	e/va	praatipadika	Paraphrase_mini	louvain	3
H1	eva	e/va	praatipadika	Paraphrase_mini	leiden	6
H1	eva	eva/	avyaya	orginal	orginal	4
H1	eva	eva/	avyaya	Paraphrase_mini	k_hop	1
H1	eva	eva/	avyaya	Paraphrase_mini	hac	8
H1	eva	eva/	avyaya	Paraphrase_mini	louvain	2
H1	eva	eva/	avyaya	Paraphrase_mini	leiden	6
H1	gam	gam	dhaatu	orginal	orginal	1
H1	gam	gam	dhaatu	Paraphrase_mini	k_hop	6
H1	gam	gam	dhaatu	Paraphrase_mini	hac	32
H1	gam	gam	dhaatu	Paraphrase_mini	louvain	5
H1	gam	gam	dhaatu	Paraphrase_mini	leiden	8
H1	grah	grah	dhaatu	orginal	orginal	1
H1	grah	grah	dhaatu	Paraphrase_mini	k_hop	4
H1	grah	grah	dhaatu	Paraphrase_mini	hac	34
H1	grah	grah	dhaatu	Paraphrase_mini	louvain	5
H1	grah	grah	dhaatu	Paraphrase_mini	leiden	9
H1	han	han	dhaatu	orginal	orginal	1
H1	han	han	dhaatu	Paraphrase_mini	k_hop	1
H1	han	han	dhaatu	Paraphrase_mini	hac	2
H1	han	han	dhaatu	Paraphrase_mini	louvain	1
H1	han	han	dhaatu	Paraphrase_mini	leiden	1
H1	han	han	naama-dhaatu	orginal	orginal	1
H1	han	han	naama-dhaatu	Paraphrase_mini	k_hop	2
H1	han	han	naama-dhaatu	Paraphrase_mini	hac	16
H1	han	han	naama-dhaatu	Paraphrase_mini	louvain	3
H1	han	han	naama-dhaatu	Paraphrase_mini	leiden	5
H1	hari	ha/ri	praatipadika	orginal	orginal	31
H1	hari	ha/ri	praatipadika	Paraphrase_mini	k_hop	10
H1	hari	ha/ri	praatipadika	Paraphrase_mini	hac	31
H1	hari	ha/ri	praatipadika	Paraphrase_mini	louvain	7
H1	hari	ha/ri	praatipadika	Paraphrase_mini	leiden	7
H1	hari	hari	praatipadika	orginal	orginal	2
H1	hari	hari	praatipadika	Paraphrase_mini	k_hop	2
H1	hari	hari	praatipadika	Paraphrase_mini	hac	2
H1	hari	hari	praatipadika	Paraphrase_mini	louvain	2
H1	hari	hari	praatipadika	Paraphrase_mini	leiden	2
H1	hi	hi	dhaatu	orginal	orginal	1
H1	hi	hi	dhaatu	Paraphrase_mini	k_hop	2
H1	hi	hi	dhaatu	Paraphrase_mini	hac	10
H1	hi	hi	dhaatu	Paraphrase_mini	louvain	4
H1	hi	hi	dhaatu	Paraphrase_mini	leiden	5
H1	hi	hi/	avyaya	orginal	orginal	1
H1	hi	hi/	avyaya	Paraphrase_mini	k_hop	2
H1	hi	hi/	avyaya	Paraphrase_mini	hac	2
H1	hi	hi/	avyaya	Paraphrase_mini	louvain	2
H1	hi	hi/	avyaya	Paraphrase_mini	leiden	2
H1	hi	hi/	dhaatu	orginal	orginal	2
H1	hi	hi/	dhaatu	Paraphrase_mini	k_hop	3
H1	hi	hi/	dhaatu	Paraphrase_mini	hac	6
H1	hi	hi/	dhaatu	Paraphrase_mini	louvain	3
H1	hi	hi/	dhaatu	Paraphrase_mini	leiden	5
H1	kAla	kAla	praatipadika	orginal	orginal	25
H1	kAla	kAla	praatipadika	Paraphrase_mini	k_hop	6
H1	kAla	kAla	praatipadika	Paraphrase_mini	hac	18
H1	kAla	kAla	praatipadika	Paraphrase_mini	louvain	6
H1	kAla	kAla	praatipadika	Paraphrase_mini	leiden	7
H1	kAla	kAla/	praatipadika	orginal	orginal	13
H1	kAla	kAla/	praatipadika	Paraphrase_mini	k_hop	2
H1	kAla	kAla/	praatipadika	Paraphrase_mini	hac	10
H1	kAla	kAla/	praatipadika	Paraphrase_mini	louvain	4
H1	kAla	kAla/	praatipadika	Paraphrase_mini	leiden	4
H1	karman	ka/rman	praatipadika	orginal	orginal	12
H1	karman	ka/rman	praatipadika	Paraphrase_mini	k_hop	3
H1	karman	ka/rman	praatipadika	Paraphrase_mini	hac	16
H1	karman	ka/rman	praatipadika	Paraphrase_mini	louvain	5
H1	karman	ka/rman	praatipadika	Paraphrase_mini	leiden	7
H1	kavi	kav	praatipadika	orginal	orginal	4
H1	kavi	kav	praatipadika	Paraphrase_mini	k_hop	3
H1	kavi	kav	praatipadika	Paraphrase_mini	hac	11
H1	kavi	kav	praatipadika	Paraphrase_mini	louvain	2
H1	kavi	kav	praatipadika	Paraphrase_mini	leiden	3
H1	kavi	kavi/	praatipadika	orginal	orginal	27
H1	kavi	kavi/	praatipadika	Paraphrase_mini	k_hop	7
H1	kavi	kavi/	praatipadika	Paraphrase_mini	hac	22
H1	kavi	kavi/	praatipadika	Paraphrase_mini	louvain	5
H1	kavi	kavi/	praatipadika	Paraphrase_mini	leiden	6
H1	kf	kf	dhaatu	orginal	orginal	3
H1	kf	kf	dhaatu	Paraphrase_mini	k_hop	3
H1	kf	kf	dhaatu	Paraphrase_mini	hac	3
H1	kf	kf	dhaatu	Paraphrase_mini	louvain	3
H1	kf	kf	dhaatu	Paraphrase_mini	leiden	3
H1	mad	mad	dhaatu	orginal	orginal	3
H1	mad	mad	dhaatu	Paraphrase_mini	k_hop	5
H1	mad	mad	dhaatu	Paraphrase_mini	hac	13
H1	mad	mad	dhaatu	Paraphrase_mini	louvain	5
H1	mad	mad	dhaatu	Paraphrase_mini	leiden	5
H1	muc	muc	dhaatu	orginal	orginal	5
H1	muc	muc	dhaatu	Paraphrase_mini	k_hop	3
H1	muc	muc	dhaatu	Paraphrase_mini	hac	33
H1	muc	muc	dhaatu	Paraphrase_mini	louvain	6
H1	muc	muc	dhaatu	Paraphrase_mini	leiden	7
H1	prakfti	pra-kfti	cpd-praatipadika	orginal	orginal	25
H1	prakfti	pra-kfti	cpd-praatipadika	Paraphrase_mini	k_hop	10
H1	prakfti	pra-kfti	cpd-praatipadika	Paraphrase_mini	hac	42
H1	prakfti	pra-kfti	cpd-praatipadika	Paraphrase_mini	louvain	10
H1	prakfti	pra-kfti	cpd-praatipadika	Paraphrase_mini	leiden	11
H1	rUpa	rUpa/	praatipadika	orginal	orginal	26
H1	rUpa	rUpa/	praatipadika	Paraphrase_mini	k_hop	7
H1	rUpa	rUpa/	praatipadika	Paraphrase_mini	hac	35
H1	rUpa	rUpa/	praatipadika	Paraphrase_mini	louvain	7
H1	rUpa	rUpa/	praatipadika	Paraphrase_mini	leiden	9
H1	rasa	ra/sa	praatipadika	orginal	orginal	32
H1	rasa	ra/sa	praatipadika	Paraphrase_mini	k_hop	8
H1	rasa	ra/sa	praatipadika	Paraphrase_mini	hac	40
H1	rasa	ra/sa	praatipadika	Paraphrase_mini	louvain	8
H1	rasa	ra/sa	praatipadika	Paraphrase_mini	leiden	9
H1	saha	saha/	avyaya	orginal	orginal	3
H1	saha	saha/	avyaya	Paraphrase_mini	k_hop	2
H1	saha	saha/	avyaya	Paraphrase_mini	hac	4
H1	saha	saha/	avyaya	Paraphrase_mini	louvain	4
H1	saha	saha/	avyaya	Paraphrase_mini	leiden	5
H1	saha	saha/	praatipadika	orginal	orginal	14
H1	saha	saha/	praatipadika	Paraphrase_mini	k_hop	3
H1	saha	saha/	praatipadika	Paraphrase_mini	hac	16
H1	saha	saha/	praatipadika	Paraphrase_mini	louvain	4
H1	saha	saha/	praatipadika	Paraphrase_mini	leiden	7
H1	sarva	sa/rva	praatipadika	orginal	orginal	8
H1	sarva	sa/rva	praatipadika	Paraphrase_mini	k_hop	3
H1	sarva	sa/rva	praatipadika	Paraphrase_mini	hac	7
H1	sarva	sa/rva	praatipadika	Paraphrase_mini	louvain	3
H1	sarva	sa/rva	praatipadika	Paraphrase_mini	leiden	5
H1	su	su	dhaatu	orginal	orginal	4
H1	su	su	dhaatu	Paraphrase_mini	k_hop	1
H1	su	su	dhaatu	Paraphrase_mini	hac	6
H1	su	su	dhaatu	Paraphrase_mini	louvain	2
H1	su	su	dhaatu	Paraphrase_mini	leiden	4
H1	su	su/	upasarga	orginal	orginal	1
H1	su	su/	upasarga	Paraphrase_mini	k_hop	2
H1	su	su/	upasarga	Paraphrase_mini	hac	7
H1	su	su/	upasarga	Paraphrase_mini	louvain	3
H1	su	su/	upasarga	Paraphrase_mini	leiden	7
H1	tad	ta/d	praatipadika	orginal	orginal	10
H1	tad	ta/d	praatipadika	Paraphrase_mini	k_hop	3
H1	tad	ta/d	praatipadika	Paraphrase_mini	hac	8
H1	tad	ta/d	praatipadika	Paraphrase_mini	louvain	3
H1	tad	ta/d	praatipadika	Paraphrase_mini	leiden	9
H1	tad	tad	praatipadika	orginal	orginal	6
H1	tad	tad	praatipadika	Paraphrase_mini	k_hop	1
H1	tad	tad	praatipadika	Paraphrase_mini	hac	6
H1	tad	tad	praatipadika	Paraphrase_mini	louvain	2
H1	tad	tad	praatipadika	Paraphrase_mini	leiden	5
H1	tatas	ta/tas	praatipadika	orginal	orginal	17
H1	tatas	ta/tas	praatipadika	Paraphrase_mini	k_hop	1
H1	tatas	ta/tas	praatipadika	Paraphrase_mini	hac	7
H1	tatas	ta/tas	praatipadika	Paraphrase_mini	louvain	3
H1	tatas	ta/tas	praatipadika	Paraphrase_mini	leiden	7
H1	tu	tu	dhaatu	orginal	orginal	1
H1	tu	tu	dhaatu	Paraphrase_mini	k_hop	4
H1	tu	tu	dhaatu	Paraphrase_mini	hac	5
H1	tu	tu	dhaatu	Paraphrase_mini	louvain	4
H1	tu	tu	dhaatu	Paraphrase_mini	leiden	4
H1	tu	tu/	avyaya	orginal	orginal	12
H1	tu	tu/	avyaya	Paraphrase_mini	k_hop	3
H1	tu	tu/	avyaya	Paraphrase_mini	hac	7
H1	tu	tu/	avyaya	Paraphrase_mini	louvain	5
H1	tu	tu/	avyaya	Paraphrase_mini	leiden	5
H1	uttara	u/t-tara	cpd-praatipadika	orginal	orginal	2
H1	uttara	u/t-tara	cpd-praatipadika	Paraphrase_mini	k_hop	1
H1	uttara	u/t-tara	cpd-praatipadika	Paraphrase_mini	hac	1
H1	uttara	u/t-tara	cpd-praatipadika	Paraphrase_mini	louvain	1
H1	uttara	u/t-tara	cpd-praatipadika	Paraphrase_mini	leiden	1
H1	uttara	u/ttara	praatipadika	orginal	orginal	27
H1	uttara	u/ttara	praatipadika	Paraphrase_mini	k_hop	7
H1	uttara	u/ttara	praatipadika	Paraphrase_mini	hac	31
H1	uttara	u/ttara	praatipadika	Paraphrase_mini	louvain	6
H1	uttara	u/ttara	praatipadika	Paraphrase_mini	leiden	9
H1	vac	vac	dhaatu	orginal	orginal	1
H1	vac	vac	dhaatu	Paraphrase_mini	k_hop	1
H1	vac	vac	dhaatu	Paraphrase_mini	hac	12
H1	vac	vac	dhaatu	Paraphrase_mini	louvain	4
H1	vac	vac	dhaatu	Paraphrase_mini	leiden	6
H1	yoga	yo/ga	praatipadika	orginal	orginal	38
H1	yoga	yo/ga	praatipadika	Paraphrase_mini	k_hop	9
H1	yoga	yo/ga	praatipadika	Paraphrase_mini	hac	63
H1	yoga	yo/ga	praatipadika	Paraphrase_mini	louvain	7
H1	yoga	yo/ga	praatipadika	Paraphrase_mini	leiden	11
H1	yuj	yu/j	dhaatu	orginal	orginal	10
H1	yuj	yu/j	dhaatu	Paraphrase_mini	k_hop	4
H1	yuj	yu/j	dhaatu	Paraphrase_mini	hac	18
H1	yuj	yu/j	dhaatu	Paraphrase_mini	louvain	4
H1	yuj	yu/j	dhaatu	Paraphrase_mini	leiden	6
H1	yuj	yuj	dhaatu	orginal	orginal	1
H1	yuj	yuj	dhaatu	Paraphrase_mini	k_hop	3
H1	yuj	yuj	dhaatu	Paraphrase_mini	hac	50
H1	yuj	yuj	dhaatu	Paraphrase_mini	louvain	7
H1	yuj	yuj	dhaatu	Paraphrase_mini	leiden	10
H1	BAva	BAva/	praatipadika	orginal	orginal	30
H1	BAva	BAva/	praatipadika	qwen	k_hop	36
H1	BAva	BAva/	praatipadika	qwen	hac	1
H1	BAva	BAva/	praatipadika	qwen	louvain	31
H1	BAva	BAva/	praatipadika	qwen	leiden	32
H1	BU	BU	dhaatu	orginal	orginal	2
H1	BU	BU	dhaatu	qwen	k_hop	2
H1	BU	BU	dhaatu	qwen	hac	1
H1	BU	BU	dhaatu	qwen	louvain	2
H1	BU	BU	dhaatu	qwen	leiden	2
H1	BU	BU/	dhaatu	orginal	orginal	14
H1	BU	BU/	dhaatu	qwen	k_hop	12
H1	BU	BU/	dhaatu	qwen	hac	1
H1	BU	BU/	dhaatu	qwen	louvain	11
H1	BU	BU/	dhaatu	qwen	leiden	13
H1	Darma	Da/rma	praatipadika	orginal	orginal	27
H1	Darma	Da/rma	praatipadika	qwen	k_hop	25
H1	Darma	Da/rma	praatipadika	qwen	hac	1
H1	Darma	Da/rma	praatipadika	qwen	louvain	23
H1	Darma	Da/rma	praatipadika	qwen	leiden	23
H1	Darma	Darma	naama-dhaatu	orginal	orginal	1
H1	Darma	Darma	naama-dhaatu	qwen	k_hop	2
H1	Darma	Darma	naama-dhaatu	qwen	hac	1
H1	Darma	Darma	naama-dhaatu	qwen	louvain	2
H1	Darma	Darma	naama-dhaatu	qwen	leiden	2
H1	agra	a/gra	praatipadika	orginal	orginal	15
H1	agra	a/gra	praatipadika	qwen	k_hop	11
H1	agra	a/gra	praatipadika	qwen	hac	1
H1	agra	a/gra	praatipadika	qwen	louvain	13
H1	agra	a/gra	praatipadika	qwen	leiden	14
H1	agra	agra	praatipadika	orginal	orginal	1
H1	agra	agra	praatipadika	qwen	k_hop	1
H1	agra	agra	praatipadika	qwen	hac	1
H1	agra	agra	praatipadika	qwen	louvain	1
H1	agra	agra	praatipadika	qwen	leiden	1
H1	arTa	a/rTa	praatipadika	orginal	orginal	15
H1	arTa	a/rTa	praatipadika	qwen	k_hop	18
H1	arTa	a/rTa	praatipadika	qwen	hac	1
H1	arTa	a/rTa	praatipadika	qwen	louvain	18
H1	arTa	a/rTa	praatipadika	qwen	leiden	19
H1	banD	banD	dhaatu	orginal	orginal	1
H1	banD	banD	dhaatu	qwen	k_hop	17
H1	banD	banD	dhaatu	qwen	hac	1
H1	banD	banD	dhaatu	qwen	louvain	14
H1	banD	banD	dhaatu	qwen	leiden	15
H1	brahman	bra/hman	praatipadika	orginal	orginal	11
H1	brahman	bra/hman	praatipadika	qwen	k_hop	15
H1	brahman	bra/hman	praatipadika	qwen	hac	1
H1	brahman	bra/hman	praatipadika	qwen	louvain	14
H1	brahman	bra/hman	praatipadika	qwen	leiden	14
H1	brahman	brahma/n	praatipadika	orginal	orginal	16
H1	brahman	brahma/n	praatipadika	qwen	k_hop	13
H1	brahman	brahma/n	praatipadika	qwen	hac	1
H1	brahman	brahma/n	praatipadika	qwen	louvain	14
H1	brahman	brahma/n	praatipadika	qwen	leiden	14
H1	citra	citra	praatipadika	orginal	orginal	1
H1	citra	citra	praatipadika	qwen	k_hop	2
H1	citra	citra	praatipadika	qwen	hac	1
H1	citra	citra	praatipadika	qwen	louvain	2
H1	citra	citra	praatipadika	qwen	leiden	2
H1	citra	citra/	praatipadika	orginal	orginal	33
H1	citra	citra/	praatipadika	qwen	k_hop	23
H1	citra	citra/	praatipadika	qwen	hac	1
H1	citra	citra/	praatipadika	qwen	louvain	22
H1	citra	citra/	praatipadika	qwen	leiden	23
H1	dfS	df/S	praatipadika	orginal	orginal	7
H1	dfS	df/S	praatipadika	qwen	k_hop	4
H1	dfS	df/S	praatipadika	qwen	hac	1
H1	dfS	df/S	praatipadika	qwen	louvain	4
H1	dfS	df/S	praatipadika	qwen	leiden	5
H1	dfS	dfS	praatipadika	orginal	orginal	1
H1	dfS	dfS	praatipadika	qwen	k_hop	5
H1	dfS	dfS	praatipadika	qwen	hac	1
H1	dfS	dfS	praatipadika	qwen	louvain	7
H1	dfS	dfS	praatipadika	qwen	leiden	9
H1	eka	e/ka	praatipadika	orginal	orginal	12
H1	eka	e/ka	praatipadika	qwen	k_hop	4
H1	eka	e/ka	praatipadika	qwen	hac	1
H1	eka	e/ka	praatipadika	qwen	louvain	7
H1	eka	e/ka	praatipadika	qwen	leiden	10
H1	eva	e/va	praatipadika	orginal	orginal	5
H1	eva	e/va	praatipadika	qwen	k_hop	5
H1	eva	e/va	praatipadika	qwen	hac	1
H1	eva	e/va	praatipadika	qwen	louvain	6
H1	eva	e/va	praatipadika	qwen	leiden	6
H1	eva	eva/	avyaya	orginal	orginal	4
H1	eva	eva/	avyaya	qwen	k_hop	4
H1	eva	eva/	avyaya	qwen	hac	1
H1	eva	eva/	avyaya	qwen	louvain	5
H1	eva	eva/	avyaya	qwen	leiden	10
H1	gam	gam	dhaatu	orginal	orginal	1
H1	gam	gam	dhaatu	qwen	k_hop	11
H1	gam	gam	dhaatu	qwen	hac	1
H1	gam	gam	dhaatu	qwen	louvain	10
H1	gam	gam	dhaatu	qwen	leiden	12
H1	grah	grah	dhaatu	orginal	orginal	1
H1	grah	grah	dhaatu	qwen	k_hop	8
H1	grah	grah	dhaatu	qwen	hac	1
H1	grah	grah	dhaatu	qwen	louvain	8
H1	grah	grah	dhaatu	qwen	leiden	11
H1	han	han	dhaatu	orginal	orginal	1
H1	han	han	dhaatu	qwen	k_hop	1
H1	han	han	dhaatu	qwen	hac	1
H1	han	han	dhaatu	qwen	louvain	1
H1	han	han	dhaatu	qwen	leiden	1
H1	han	han	naama-dhaatu	orginal	orginal	1
H1	han	han	naama-dhaatu	qwen	k_hop	5
H1	han	han	naama-dhaatu	qwen	hac	1
H1	han	han	naama-dhaatu	qwen	louvain	5
H1	han	han	naama-dhaatu	qwen	leiden	6
H1	hari	ha/ri	praatipadika	orginal	orginal	31
H1	hari	ha/ri	praatipadika	qwen	k_hop	16
H1	hari	ha/ri	praatipadika	qwen	hac	1
H1	hari	ha/ri	praatipadika	qwen	louvain	15
H1	hari	ha/ri	praatipadika	qwen	leiden	15
H1	hari	hari	praatipadika	orginal	orginal	2
H1	hari	hari	praatipadika	qwen	k_hop	2
H1	hari	hari	praatipadika	qwen	hac	1
H1	hari	hari	praatipadika	qwen	louvain	2
H1	hari	hari	praatipadika	qwen	leiden	2
H1	hi	hi	dhaatu	orginal	orginal	1
H1	hi	hi	dhaatu	qwen	k_hop	2
H1	hi	hi	dhaatu	qwen	hac	1
H1	hi	hi	dhaatu	qwen	louvain	3
H1	hi	hi	dhaatu	qwen	leiden	5
H1	hi	hi/	avyaya	orginal	orginal	1
H1	hi	hi/	avyaya	qwen	k_hop	1
H1	hi	hi/	avyaya	qwen	hac	1
H1	hi	hi/	avyaya	qwen	louvain	1
H1	hi	hi/	avyaya	qwen	leiden	1
H1	hi	hi/	dhaatu	orginal	orginal	2
H1	hi	hi/	dhaatu	qwen	k_hop	5
H1	hi	hi/	dhaatu	qwen	hac	1
H1	hi	hi/	dhaatu	qwen	louvain	6
H1	hi	hi/	dhaatu	qwen	leiden	7
H1	kAla	kAla	praatipadika	orginal	orginal	25
H1	kAla	kAla	praatipadika	qwen	k_hop	13
H1	kAla	kAla	praatipadika	qwen	hac	1
H1	kAla	kAla	praatipadika	qwen	louvain	13
H1	kAla	kAla	praatipadika	qwen	leiden	13
H1	kAla	kAla/	praatipadika	orginal	orginal	13
H1	kAla	kAla/	praatipadika	qwen	k_hop	9
H1	kAla	kAla/	praatipadika	qwen	hac	1
H1	kAla	kAla/	praatipadika	qwen	louvain	10
H1	kAla	kAla/	praatipadika	qwen	leiden	11
H1	karman	ka/rman	praatipadika	orginal	orginal	12
H1	karman	ka/rman	praatipadika	qwen	k_hop	13
H1	karman	ka/rman	praatipadika	qwen	hac	1
H1	karman	ka/rman	praatipadika	qwen	louvain	14
H1	karman	ka/rman	praatipadika	qwen	leiden	14
H1	kavi	kav	praatipadika	orginal	orginal	4
H1	kavi	kav	praatipadika	qwen	k_hop	7
H1	kavi	kav	praatipadika	qwen	hac	1
H1	kavi	kav	praatipadika	qwen	louvain	7
H1	kavi	kav	praatipadika	qwen	leiden	8
H1	kavi	kavi/	praatipadika	orginal	orginal	27
H1	kavi	kavi/	praatipadika	qwen	k_hop	14
H1	kavi	kavi/	praatipadika	qwen	hac	1
H1	kavi	kavi/	praatipadika	qwen	louvain	12
H1	kavi	kavi/	praatipadika	qwen	leiden	12
H1	kf	kf	dhaatu	orginal	orginal	3
H1	kf	kf	dhaatu	qwen	k_hop	3
H1	kf	kf	dhaatu	qwen	hac	1
H1	kf	kf	dhaatu	qwen	louvain	3
H1	kf	kf	dhaatu	qwen	leiden	3
H1	mad	mad	dhaatu	orginal	orginal	3
H1	mad	mad	dhaatu	qwen	k_hop	9
H1	mad	mad	dhaatu	qwen	hac	1
H1	mad	mad	dhaatu	qwen	louvain	9
H1	mad	mad	dhaatu	qwen	leiden	10
H1	muc	muc	dhaatu	orginal	orginal	5
H1	muc	muc	dhaatu	qwen	k_hop	8
H1	muc	muc	dhaatu	qwen	hac	1
H1	muc	muc	dhaatu	qwen	louvain	6
H1	muc	muc	dhaatu	qwen	leiden	7
H1	prakfti	pra-kfti	cpd-praatipadika	orginal	orginal	25
H1	prakfti	pra-kfti	cpd-praatipadika	qwen	k_hop	31
H1	prakfti	pra-kfti	cpd-praatipadika	qwen	hac	1
H1	prakfti	pra-kfti	cpd-praatipadika	qwen	louvain	32
H1	prakfti	pra-kfti	cpd-praatipadika	qwen	leiden	32
H1	rUpa	rUpa/	praatipadika	orginal	orginal	26
H1	rUpa	rUpa/	praatipadika	qwen	k_hop	32
H1	rUpa	rUpa/	praatipadika	qwen	hac	1
H1	rUpa	rUpa/	praatipadika	qwen	louvain	32
H1	rUpa	rUpa/	praatipadika	qwen	leiden	32
H1	rasa	ra/sa	praatipadika	orginal	orginal	32
H1	rasa	ra/sa	praatipadika	qwen	k_hop	31
H1	rasa	ra/sa	praatipadika	qwen	hac	1
H1	rasa	ra/sa	praatipadika	qwen	louvain	26
H1	rasa	ra/sa	praatipadika	qwen	leiden	26
H1	saha	saha/	avyaya	orginal	orginal	3
H1	saha	saha/	avyaya	qwen	k_hop	2
H1	saha	saha/	avyaya	qwen	hac	1
H1	saha	saha/	avyaya	qwen	louvain	4
H1	saha	saha/	avyaya	qwen	leiden	4
H1	saha	saha/	praatipadika	orginal	orginal	14
H1	saha	saha/	praatipadika	qwen	k_hop	11
H1	saha	saha/	praatipadika	qwen	hac	1
H1	saha	saha/	praatipadika	qwen	louvain	10
H1	saha	saha/	praatipadika	qwen	leiden	11
H1	sarva	sa/rva	praatipadika	orginal	orginal	8
H1	sarva	sa/rva	praatipadika	qwen	k_hop	6
H1	sarva	sa/rva	praatipadika	qwen	hac	1
H1	sarva	sa/rva	praatipadika	qwen	louvain	7
H1	sarva	sa/rva	praatipadika	qwen	leiden	10
H1	su	su	dhaatu	orginal	orginal	4
H1	su	su	dhaatu	qwen	k_hop	3
H1	su	su	dhaatu	qwen	hac	1
H1	su	su	dhaatu	qwen	louvain	4
H1	su	su	dhaatu	qwen	leiden	5
H1	su	su/	upasarga	orginal	orginal	1
H1	su	su/	upasarga	qwen	k_hop	3
H1	su	su/	upasarga	qwen	hac	1
H1	su	su/	upasarga	qwen	louvain	5
H1	su	su/	upasarga	qwen	leiden	6
H1	tad	ta/d	praatipadika	orginal	orginal	10
H1	tad	ta/d	praatipadika	qwen	k_hop	3
H1	tad	ta/d	praatipadika	qwen	hac	1
H1	tad	ta/d	praatipadika	qwen	louvain	6
H1	tad	ta/d	praatipadika	qwen	leiden	6
H1	tad	tad	praatipadika	orginal	orginal	6
H1	tad	tad	praatipadika	qwen	k_hop	4
H1	tad	tad	praatipadika	qwen	hac	1
H1	tad	tad	praatipadika	qwen	louvain	5
H1	tad	tad	praatipadika	qwen	leiden	7
H1	tatas	ta/tas	praatipadika	orginal	orginal	17
H1	tatas	ta/tas	praatipadika	qwen	k_hop	2
H1	tatas	ta/tas	praatipadika	qwen	hac	1
H1	tatas	ta/tas	praatipadika	qwen	louvain	3
H1	tatas	ta/tas	praatipadika	qwen	leiden	5
H1	tu	tu	dhaatu	orginal	orginal	1
H1	tu	tu	dhaatu	qwen	k_hop	5
H1	tu	tu	dhaatu	qwen	hac	1
H1	tu	tu	dhaatu	qwen	louvain	5
H1	tu	tu	dhaatu	qwen	leiden	5
H1	tu	tu/	avyaya	orginal	orginal	12
H1	tu	tu/	avyaya	qwen	k_hop	5
H1	tu	tu/	avyaya	qwen	hac	1
H1	tu	tu/	avyaya	qwen	louvain	7
H1	tu	tu/	avyaya	qwen	leiden	8
H1	uttara	u/t-tara	cpd-praatipadika	orginal	orginal	2
H1	uttara	u/t-tara	cpd-praatipadika	qwen	k_hop	1
H1	uttara	u/t-tara	cpd-praatipadika	qwen	hac	1
H1	uttara	u/t-tara	cpd-praatipadika	qwen	louvain	1
H1	uttara	u/t-tara	cpd-praatipadika	qwen	leiden	1
H1	uttara	u/ttara	praatipadika	orginal	orginal	27
H1	uttara	u/ttara	praatipadika	qwen	k_hop	16
H1	uttara	u/ttara	praatipadika	qwen	hac	1
H1	uttara	u/ttara	praatipadika	qwen	louvain	18
H1	uttara	u/ttara	praatipadika	qwen	leiden	19
H1	vac	vac	dhaatu	orginal	orginal	1
H1	vac	vac	dhaatu	qwen	k_hop	8
H1	vac	vac	dhaatu	qwen	hac	1
H1	vac	vac	dhaatu	qwen	louvain	7
H1	vac	vac	dhaatu	qwen	leiden	6
H1	yoga	yo/ga	praatipadika	orginal	orginal	38
H1	yoga	yo/ga	praatipadika	qwen	k_hop	35
H1	yoga	yo/ga	praatipadika	qwen	hac	1
H1	yoga	yo/ga	praatipadika	qwen	louvain	31
H1	yoga	yo/ga	praatipadika	qwen	leiden	32
H1	yuj	yu/j	dhaatu	orginal	orginal	10
H1	yuj	yu/j	dhaatu	qwen	k_hop	10
H1	yuj	yu/j	dhaatu	qwen	hac	1
H1	yuj	yu/j	dhaatu	qwen	louvain	10
H1	yuj	yu/j	dhaatu	qwen	leiden	10
H1	yuj	yuj	dhaatu	orginal	orginal	1
H1	yuj	yuj	dhaatu	qwen	k_hop	12
H1	yuj	yuj	dhaatu	qwen	hac	1
H1	yuj	yuj	dhaatu	qwen	louvain	11
H1	yuj	yuj	dhaatu	qwen	leiden	11
H1	BAva	BAva/	praatipadika	orginal	orginal	30
H1	BAva	BAva/	praatipadika	Vya	k_hop	22
H1	BAva	BAva/	praatipadika	Vya	hac	8
H1	BAva	BAva/	praatipadika	Vya	louvain	19
H1	BAva	BAva/	praatipadika	Vya	leiden	19
H1	BU	BU	dhaatu	orginal	orginal	2
H1	BU	BU	dhaatu	Vya	k_hop	2
H1	BU	BU	dhaatu	Vya	hac	1
H1	BU	BU	dhaatu	Vya	louvain	2
H1	BU	BU	dhaatu	Vya	leiden	2
H1	BU	BU/	dhaatu	orginal	orginal	14
H1	BU	BU/	dhaatu	Vya	k_hop	7
H1	BU	BU/	dhaatu	Vya	hac	3
H1	BU	BU/	dhaatu	Vya	louvain	6
H1	BU	BU/	dhaatu	Vya	leiden	7
H1	Darma	Da/rma	praatipadika	orginal	orginal	27
H1	Darma	Da/rma	praatipadika	Vya	k_hop	21
H1	Darma	Da/rma	praatipadika	Vya	hac	7
H1	Darma	Da/rma	praatipadika	Vya	louvain	20
H1	Darma	Da/rma	praatipadika	Vya	leiden	20
H1	Darma	Darma	naama-dhaatu	orginal	orginal	1
H1	Darma	Darma	naama-dhaatu	Vya	k_hop	2
H1	Darma	Darma	naama-dhaatu	Vya	hac	2
H1	Darma	Darma	naama-dhaatu	Vya	louvain	2
H1	Darma	Darma	naama-dhaatu	Vya	leiden	2
H1	agra	a/gra	praatipadika	orginal	orginal	15
H1	agra	a/gra	praatipadika	Vya	k_hop	9
H1	agra	a/gra	praatipadika	Vya	hac	4
H1	agra	a/gra	praatipadika	Vya	louvain	10
H1	agra	a/gra	praatipadika	Vya	leiden	11
H1	agra	agra	praatipadika	orginal	orginal	1
H1	agra	agra	praatipadika	Vya	k_hop	2
H1	agra	agra	praatipadika	Vya	hac	1
H1	agra	agra	praatipadika	Vya	louvain	2
H1	agra	agra	praatipadika	Vya	leiden	2
H1	arTa	a/rTa	praatipadika	orginal	orginal	15
H1	arTa	a/rTa	praatipadika	Vya	k_hop	13
H1	arTa	a/rTa	praatipadika	Vya	hac	5
H1	arTa	a/rTa	praatipadika	Vya	louvain	12
H1	arTa	a/rTa	praatipadika	Vya	leiden	14
H1	banD	banD	dhaatu	orginal	orginal	1
H1	banD	banD	dhaatu	Vya	k_hop	12
H1	banD	banD	dhaatu	Vya	hac	8
H1	banD	banD	dhaatu	Vya	louvain	12
H1	banD	banD	dhaatu	Vya	leiden	13
H1	brahman	bra/hman	praatipadika	orginal	orginal	11
H1	brahman	bra/hman	praatipadika	Vya	k_hop	10
H1	brahman	bra/hman	praatipadika	Vya	hac	6
H1	brahman	bra/hman	praatipadika	Vya	louvain	10
H1	brahman	bra/hman	praatipadika	Vya	leiden	10
H1	brahman	brahma/n	praatipadika	orginal	orginal	16
H1	brahman	brahma/n	praatipadika	Vya	k_hop	11
H1	brahman	brahma/n	praatipadika	Vya	hac	5
H1	brahman	brahma/n	praatipadika	Vya	louvain	10
H1	brahman	brahma/n	praatipadika	Vya	leiden	11
H1	citra	citra	praatipadika	orginal	orginal	1
H1	citra	citra	praatipadika	Vya	k_hop	2
H1	citra	citra	praatipadika	Vya	hac	1
H1	citra	citra	praatipadika	Vya	louvain	2
H1	citra	citra	praatipadika	Vya	leiden	2
H1	citra	citra/	praatipadika	orginal	orginal	33
H1	citra	citra/	praatipadika	Vya	k_hop	11
H1	citra	citra/	praatipadika	Vya	hac	7
H1	citra	citra/	praatipadika	Vya	louvain	10
H1	citra	citra/	praatipadika	Vya	leiden	11
H1	dfS	df/S	praatipadika	orginal	orginal	7
H1	dfS	df/S	praatipadika	Vya	k_hop	3
H1	dfS	df/S	praatipadika	Vya	hac	1
H1	dfS	df/S	praatipadika	Vya	louvain	4
H1	dfS	df/S	praatipadika	Vya	leiden	5
H1	dfS	dfS	praatipadika	orginal	orginal	1
H1	dfS	dfS	praatipadika	Vya	k_hop	7
H1	dfS	dfS	praatipadika	Vya	hac	3
H1	dfS	dfS	praatipadika	Vya	louvain	8
H1	dfS	dfS	praatipadika	Vya	leiden	10
H1	eka	e/ka	praatipadika	orginal	orginal	12
H1	eka	e/ka	praatipadika	Vya	k_hop	11
H1	eka	e/ka	praatipadika	Vya	hac	4
H1	eka	e/ka	praatipadika	Vya	louvain	8
H1	eka	e/ka	praatipadika	Vya	leiden	10
H1	eva	e/va	praatipadika	orginal	orginal	5
H1	eva	e/va	praatipadika	Vya	k_hop	4
H1	eva	e/va	praatipadika	Vya	hac	2
H1	eva	e/va	praatipadika	Vya	louvain	4
H1	eva	e/va	praatipadika	Vya	leiden	5
H1	eva	eva/	avyaya	orginal	orginal	4
H1	eva	eva/	avyaya	Vya	k_hop	4
H1	eva	eva/	avyaya	Vya	hac	2
H1	eva	eva/	avyaya	Vya	louvain	4
H1	eva	eva/	avyaya	Vya	leiden	6
H1	gam	gam	dhaatu	orginal	orginal	1
H1	gam	gam	dhaatu	Vya	k_hop	9
H1	gam	gam	dhaatu	Vya	hac	6
H1	gam	gam	dhaatu	Vya	louvain	9
H1	gam	gam	dhaatu	Vya	leiden	12
H1	grah	grah	dhaatu	orginal	orginal	1
H1	grah	grah	dhaatu	Vya	k_hop	7
H1	grah	grah	dhaatu	Vya	hac	3
H1	grah	grah	dhaatu	Vya	louvain	5
H1	grah	grah	dhaatu	Vya	leiden	7
H1	han	han	dhaatu	orginal	orginal	1
H1	han	han	dhaatu	Vya	k_hop	1
H1	han	han	dhaatu	Vya	hac	1
H1	han	han	dhaatu	Vya	louvain	1
H1	han	han	dhaatu	Vya	leiden	1
H1	han	han	naama-dhaatu	orginal	orginal	1
H1	han	han	naama-dhaatu	Vya	k_hop	4
H1	han	han	naama-dhaatu	Vya	hac	1
H1	han	han	naama-dhaatu	Vya	louvain	5
H1	han	han	naama-dhaatu	Vya	leiden	5
H1	hari	ha/ri	praatipadika	orginal	orginal	31
H1	hari	ha/ri	praatipadika	Vya	k_hop	15
H1	hari	ha/ri	praatipadika	Vya	hac	7
H1	hari	ha/ri	praatipadika	Vya	louvain	16
H1	hari	ha/ri	praatipadika	Vya	leiden	16
H1	hari	hari	praatipadika	orginal	orginal	2
H1	hari	hari	praatipadika	Vya	k_hop	2
H1	hari	hari	praatipadika	Vya	hac	1
H1	hari	hari	praatipadika	Vya	louvain	2
H1	hari	hari	praatipadika	Vya	leiden	2
H1	hi	hi	dhaatu	orginal	orginal	1
H1	hi	hi	dhaatu	Vya	k_hop	1
H1	hi	hi	dhaatu	Vya	hac	1
H1	hi	hi	dhaatu	Vya	louvain	3
H1	hi	hi	dhaatu	Vya	leiden	3
H1	hi	hi/	avyaya	orginal	orginal	1
H1	hi	hi/	avyaya	Vya	k_hop	2
H1	hi	hi/	avyaya	Vya	hac	1
H1	hi	hi/	avyaya	Vya	louvain	2
H1	hi	hi/	avyaya	Vya	leiden	2
H1	hi	hi/	dhaatu	orginal	orginal	2
H1	hi	hi/	dhaatu	Vya	k_hop	4
H1	hi	hi/	dhaatu	Vya	hac	4
H1	hi	hi/	dhaatu	Vya	louvain	5
H1	hi	hi/	dhaatu	Vya	leiden	6
H1	kAla	kAla	praatipadika	orginal	orginal	25
H1	kAla	kAla	praatipadika	Vya	k_hop	11
H1	kAla	kAla	praatipadika	Vya	hac	6
H1	kAla	kAla	praatipadika	Vya	louvain	11
H1	kAla	kAla	praatipadika	Vya	leiden	12
H1	kAla	kAla/	praatipadika	orginal	orginal	13
H1	kAla	kAla/	praatipadika	Vya	k_hop	2
H1	kAla	kAla/	praatipadika	Vya	hac	1
H1	kAla	kAla/	praatipadika	Vya	louvain	3
H1	kAla	kAla/	praatipadika	Vya	leiden	3
H1	karman	ka/rman	praatipadika	orginal	orginal	12
H1	karman	ka/rman	praatipadika	Vya	k_hop	10
H1	karman	ka/rman	praatipadika	Vya	hac	6
H1	karman	ka/rman	praatipadika	Vya	louvain	11
H1	karman	ka/rman	praatipadika	Vya	leiden	11
H1	kavi	kav	praatipadika	orginal	orginal	4
H1	kavi	kav	praatipadika	Vya	k_hop	6
H1	kavi	kav	praatipadika	Vya	hac	3
H1	kavi	kav	praatipadika	Vya	louvain	6
H1	kavi	kav	praatipadika	Vya	leiden	7
H1	kavi	kavi/	praatipadika	orginal	orginal	27
H1	kavi	kavi/	praatipadika	Vya	k_hop	17
H1	kavi	kavi/	praatipadika	Vya	hac	7
H1	kavi	kavi/	praatipadika	Vya	louvain	15
H1	kavi	kavi/	praatipadika	Vya	leiden	15
H1	kf	kf	dhaatu	orginal	orginal	3
H1	kf	kf	dhaatu	Vya	k_hop	3
H1	kf	kf	dhaatu	Vya	hac	1
H1	kf	kf	dhaatu	Vya	louvain	3
H1	kf	kf	dhaatu	Vya	leiden	3
H1	mad	mad	dhaatu	orginal	orginal	3
H1	mad	mad	dhaatu	Vya	k_hop	5
H1	mad	mad	dhaatu	Vya	hac	3
H1	mad	mad	dhaatu	Vya	louvain	6
H1	mad	mad	dhaatu	Vya	leiden	8
H1	muc	muc	dhaatu	orginal	orginal	5
H1	muc	muc	dhaatu	Vya	k_hop	5
H1	muc	muc	dhaatu	Vya	hac	2
H1	muc	muc	dhaatu	Vya	louvain	6
H1	muc	muc	dhaatu	Vya	leiden	8
H1	prakfti	pra-kfti	cpd-praatipadika	orginal	orginal	25
H1	prakfti	pra-kfti	cpd-praatipadika	Vya	k_hop	26
H1	prakfti	pra-kfti	cpd-praatipadika	Vya	hac	12
H1	prakfti	pra-kfti	cpd-praatipadika	Vya	louvain	24
H1	prakfti	pra-kfti	cpd-praatipadika	Vya	leiden	25
H1	rUpa	rUpa/	praatipadika	orginal	orginal	26
H1	rUpa	rUpa/	praatipadika	Vya	k_hop	14
H1	rUpa	rUpa/	praatipadika	Vya	hac	5
H1	rUpa	rUpa/	praatipadika	Vya	louvain	13
H1	rUpa	rUpa/	praatipadika	Vya	leiden	15
H1	rasa	ra/sa	praatipadika	orginal	orginal	32
H1	rasa	ra/sa	praatipadika	Vya	k_hop	11
H1	rasa	ra/sa	praatipadika	Vya	hac	4
H1	rasa	ra/sa	praatipadika	Vya	louvain	8
H1	rasa	ra/sa	praatipadika	Vya	leiden	9
H1	saha	saha/	avyaya	orginal	orginal	3
H1	saha	saha/	avyaya	Vya	k_hop	2
H1	saha	saha/	avyaya	Vya	hac	2
H1	saha	saha/	avyaya	Vya	louvain	3
H1	saha	saha/	avyaya	Vya	leiden	4
H1	saha	saha/	praatipadika	orginal	orginal	14
H1	saha	saha/	praatipadika	Vya	k_hop	8
H1	saha	saha/	praatipadika	Vya	hac	3
H1	saha	saha/	praatipadika	Vya	louvain	9
H1	saha	saha/	praatipadika	Vya	leiden	9
H1	sarva	sa/rva	praatipadika	orginal	orginal	8
H1	sarva	sa/rva	praatipadika	Vya	k_hop	3
H1	sarva	sa/rva	praatipadika	Vya	hac	2
H1	sarva	sa/rva	praatipadika	Vya	louvain	4
H1	sarva	sa/rva	praatipadika	Vya	leiden	5
H1	su	su	dhaatu	orginal	orginal	4
H1	su	su	dhaatu	Vya	k_hop	2
H1	su	su	dhaatu	Vya	hac	2
H1	su	su	dhaatu	Vya	louvain	3
H1	su	su	dhaatu	Vya	leiden	4
H1	su	su/	upasarga	orginal	orginal	1
H1	su	su/	upasarga	Vya	k_hop	5
H1	su	su/	upasarga	Vya	hac	2
H1	su	su/	upasarga	Vya	louvain	5
H1	su	su/	upasarga	Vya	leiden	5
H1	tad	ta/d	praatipadika	orginal	orginal	10
H1	tad	ta/d	praatipadika	Vya	k_hop	4
H1	tad	ta/d	praatipadika	Vya	hac	3
H1	tad	ta/d	praatipadika	Vya	louvain	5
H1	tad	ta/d	praatipadika	Vya	leiden	9
H1	tad	tad	praatipadika	orginal	orginal	6
H1	tad	tad	praatipadika	Vya	k_hop	3
H1	tad	tad	praatipadika	Vya	hac	3
H1	tad	tad	praatipadika	Vya	louvain	4
H1	tad	tad	praatipadika	Vya	leiden	6
H1	tatas	ta/tas	praatipadika	orginal	orginal	17
H1	tatas	ta/tas	praatipadika	Vya	k_hop	3
H1	tatas	ta/tas	praatipadika	Vya	hac	2
H1	tatas	ta/tas	praatipadika	Vya	louvain	3
H1	tatas	ta/tas	praatipadika	Vya	leiden	6
H1	tu	tu	dhaatu	orginal	orginal	1
H1	tu	tu	dhaatu	Vya	k_hop	5
H1	tu	tu	dhaatu	Vya	hac	2
H1	tu	tu	dhaatu	Vya	louvain	5
H1	tu	tu	dhaatu	Vya	leiden	5
H1	tu	tu/	avyaya	orginal	orginal	12
H1	tu	tu/	avyaya	Vya	k_hop	5
H1	tu	tu/	avyaya	Vya	hac	4
H1	tu	tu/	avyaya	Vya	louvain	6
H1	tu	tu/	avyaya	Vya	leiden	6
H1	uttara	u/t-tara	cpd-praatipadika	orginal	orginal	2
H1	uttara	u/t-tara	cpd-praatipadika	Vya	k_hop	1
H1	uttara	u/t-tara	cpd-praatipadika	Vya	hac	1
H1	uttara	u/t-tara	cpd-praatipadika	Vya	louvain	1
H1	uttara	u/t-tara	cpd-praatipadika	Vya	leiden	1
H1	uttara	u/ttara	praatipadika	orginal	orginal	27
H1	uttara	u/ttara	praatipadika	Vya	k_hop	16
H1	uttara	u/ttara	praatipadika	Vya	hac	5
H1	uttara	u/ttara	praatipadika	Vya	louvain	15
H1	uttara	u/ttara	praatipadika	Vya	leiden	15
H1	vac	vac	dhaatu	orginal	orginal	1
H1	vac	vac	dhaatu	Vya	k_hop	5
H1	vac	vac	dhaatu	Vya	hac	1
H1	vac	vac	dhaatu	Vya	louvain	3
H1	vac	vac	dhaatu	Vya	leiden	8
H1	yoga	yo/ga	praatipadika	orginal	orginal	38
H1	yoga	yo/ga	praatipadika	Vya	k_hop	20
H1	yoga	yo/ga	praatipadika	Vya	hac	7
H1	yoga	yo/ga	praatipadika	Vya	louvain	13
H1	yoga	yo/ga	praatipadika	Vya	leiden	15
H1	yuj	yu/j	dhaatu	orginal	orginal	10
H1	yuj	yu/j	dhaatu	Vya	k_hop	9
H1	yuj	yu/j	dhaatu	Vya	hac	4
H1	yuj	yu/j	dhaatu	Vya	louvain	8
H1	yuj	yu/j	dhaatu	Vya	leiden	9
H1	yuj	yuj	dhaatu	orginal	orginal	1
H1	yuj	yuj	dhaatu	Vya	k_hop	10
H1	yuj	yuj	dhaatu	Vya	hac	5
H1	yuj	yuj	dhaatu	Vya	louvain	9
H1	yuj	yuj	dhaatu	Vya	leiden	13
